type,direction,device,sample_rates,buffer_sizes,default_buffer,reported_in_latency_samples,reported_out_latency_samples,opened_buffer,opened_rate,note
"Windows Audio",in,"マイク (M-AUDIO Uber Mic)","48000","144 160 192 224 256 288 320 352 384 416 448 480 512 576 640 704 768 832 896 960 1024 1152 1280 1408 1536 1664 1792 1920 2048",480,,,,,"not opened (latency is reported only after open)"
"Windows Audio",in,"HDMI (Live Gamer Ultra-Audio)","48000","144 160 192 224 256 288 320 352 384 416 448 480 512 576 640 704 768 832 896 960 1024 1152 1280 1408 1536 1664 1792 1920 2048",480,,,,,"not opened (latency is reported only after open)"
"Windows Audio",in,"What U Hear (Sound BlasterX AE-5 Plus)","48000","144 160 192 224 256 288 320 352 384 416 448 480 512 576 640 704 768 832 896 960 1024 1152 1280 1408 1536 1664 1792 1920 2048",480,,,,,"not opened (latency is reported only after open)"
"Windows Audio",out,"スピーカー (Sound BlasterX AE-5 Plus)","96000","288 320 352 384 416 448 480 512 576 640 704 768 832 896 960 1024 1152 1280 1408 1536 1664 1792 1920 2048",960,,,,,"not opened (latency is reported only after open)"
"Windows Audio",out,"X2483/2481 (2- NVIDIA High Definition Audio)","48000","144 160 192 224 256 288 320 352 384 416 448 480 512 576 640 704 768 832 896 960 1024 1152 1280 1408 1536 1664 1792 1920 2048",480,,,,,"not opened (latency is reported only after open)"
"Windows Audio",out,"SHARP HDMI (2- NVIDIA High Definition Audio)","48000","144 160 192 224 256 288 320 352 384 416 448 480 512 576 640 704 768 832 896 960 1024 1152 1280 1408 1536 1664 1792 1920 2048",480,,,,,"not opened (latency is reported only after open)"
"Windows Audio",out,"Realtek Digital Output (Realtek(R) Audio)","192000","576 640 704 768 832 896 960 1024 1152 1280 1408 1536 1664 1792 1920 2048",1920,,,,,"not opened (latency is reported only after open)"
"Windows Audio",out,"スピーカー (M-AUDIO Uber Mic)","48000","144 160 192 224 256 288 320 352 384 416 448 480 512 576 640 704 768 832 896 960 1024 1152 1280 1408 1536 1664 1792 1920 2048",480,,,,,"not opened (latency is reported only after open)"
"Windows Audio",out,"SPDIF-Out (Sound BlasterX AE-5 Plus)","96000","288 320 352 384 416 448 480 512 576 640 704 768 832 896 960 1024 1152 1280 1408 1536 1664 1792 1920 2048",960,,,,,"not opened (latency is reported only after open)"
"Windows Audio",out,"PL2561H (2- NVIDIA High Definition Audio)","48000","144 160 192 224 256 288 320 352 384 416 448 480 512 576 640 704 768 832 896 960 1024 1152 1280 1408 1536 1664 1792 1920 2048",480,,,,,"not opened (latency is reported only after open)"
"Windows Audio (Exclusive Mode)",in,"マイク (M-AUDIO Uber Mic)","44100 48000","144 160 192 224 256 288 320 352 384 416 448 480 512 576 640 704 768 832 896 960 1024 1152 1280 1408 1536 1664 1792 1920 2048",480,,,,,"not opened (latency is reported only after open)"
"Windows Audio (Exclusive Mode)",in,"HDMI (Live Gamer Ultra-Audio)","48000","144 160 192 224 256 288 320 352 384 416 448 480 512 576 640 704 768 832 896 960 1024 1152 1280 1408 1536 1664 1792 1920 2048",480,,,,,"not opened (latency is reported only after open)"
"Windows Audio (Exclusive Mode)",in,"What U Hear (Sound BlasterX AE-5 Plus)","44100 48000","144 160 192 224 256 288 320 352 384 416 448 480 512 576 640 704 768 832 896 960 1024 1152 1280 1408 1536 1664 1792 1920 2048",480,,,,,"not opened (latency is reported only after open)"
"Windows Audio (Exclusive Mode)",out,"スピーカー (Sound BlasterX AE-5 Plus)","16000 44100 48000 88200 96000","288 320 352 384 416 448 480 512 576 640 704 768 832 896 960 1024 1152 1280 1408 1536 1664 1792 1920 2048",960,,,,,"not opened (latency is reported only after open)"
"Windows Audio (Exclusive Mode)",out,"X2483/2481 (2- NVIDIA High Definition Audio)","48000","144 160 192 224 256 288 320 352 384 416 448 480 512 576 640 704 768 832 896 960 1024 1152 1280 1408 1536 1664 1792 1920 2048",480,,,,,"not opened (latency is reported only after open)"
"Windows Audio (Exclusive Mode)",out,"SHARP HDMI (2- NVIDIA High Definition Audio)","32000 44100 48000","144 160 192 224 256 288 320 352 384 416 448 480 512 576 640 704 768 832 896 960 1024 1152 1280 1408 1536 1664 1792 1920 2048",480,,,,,"not opened (latency is reported only after open)"
"Windows Audio (Exclusive Mode)",out,"Realtek Digital Output (Realtek(R) Audio)","44100 48000 96000 192000","576 640 704 768 832 896 960 1024 1152 1280 1408 1536 1664 1792 1920 2048",1920,,,,,"not opened (latency is reported only after open)"
"Windows Audio (Exclusive Mode)",out,"スピーカー (M-AUDIO Uber Mic)","44100 48000","144 160 192 224 256 288 320 352 384 416 448 480 512 576 640 704 768 832 896 960 1024 1152 1280 1408 1536 1664 1792 1920 2048",480,,,,,"not opened (latency is reported only after open)"
"Windows Audio (Exclusive Mode)",out,"SPDIF-Out (Sound BlasterX AE-5 Plus)","44100 48000 88200 96000","288 320 352 384 416 448 480 512 576 640 704 768 832 896 960 1024 1152 1280 1408 1536 1664 1792 1920 2048",960,,,,,"not opened (latency is reported only after open)"
"Windows Audio (Exclusive Mode)",out,"PL2561H (2- NVIDIA High Definition Audio)","48000","144 160 192 224 256 288 320 352 384 416 448 480 512 576 640 704 768 832 896 960 1024 1152 1280 1408 1536 1664 1792 1920 2048",480,,,,,"not opened (latency is reported only after open)"
"Windows Audio (Low Latency Mode)",in,"マイク (M-AUDIO Uber Mic)","48000","480",480,,,,,"not opened (latency is reported only after open)"
"Windows Audio (Low Latency Mode)",in,"HDMI (Live Gamer Ultra-Audio)","48000","480",480,,,,,"not opened (latency is reported only after open)"
"Windows Audio (Low Latency Mode)",in,"What U Hear (Sound BlasterX AE-5 Plus)","48000","480",480,,,,,"not opened (latency is reported only after open)"
"Windows Audio (Low Latency Mode)",out,"スピーカー (Sound BlasterX AE-5 Plus)","96000","960",960,,,,,"not opened (latency is reported only after open)"
"Windows Audio (Low Latency Mode)",out,"X2483/2481 (2- NVIDIA High Definition Audio)","48000","480",480,,,,,"not opened (latency is reported only after open)"
"Windows Audio (Low Latency Mode)",out,"SHARP HDMI (2- NVIDIA High Definition Audio)","48000","480",480,,,,,"not opened (latency is reported only after open)"
"Windows Audio (Low Latency Mode)",out,"Realtek Digital Output (Realtek(R) Audio)","192000","1920",1920,,,,,"not opened (latency is reported only after open)"
"Windows Audio (Low Latency Mode)",out,"スピーカー (M-AUDIO Uber Mic)","48000","480",480,,,,,"not opened (latency is reported only after open)"
"Windows Audio (Low Latency Mode)",out,"SPDIF-Out (Sound BlasterX AE-5 Plus)","96000","960",960,,,,,"not opened (latency is reported only after open)"
"Windows Audio (Low Latency Mode)",out,"PL2561H (2- NVIDIA High Definition Audio)","48000","480",480,,,,,"not opened (latency is reported only after open)"
