config,test,pitch_st,formant_st,expected_hz,yin_median_hz,yin_median_cents,yin_max_abs_cents,zero_cross_hz,zero_cross_cents,level_diff_db,frames,unvoiced_frames,finite
default,pitch+12,12,0,440,440.1843,0.725,2.590,440.2250,0.885,-8.311,91,0,yes
default,pitch-12,-12,0,110,110.5206,8.174,8.802,110.4885,7.671,-4.050,91,0,yes
default,formant-6,0,-6,220,220.0021,0.016,0.032,220.0005,0.004,-3.244,91,0,yes
default,formant-3,0,-3,220,220.0021,0.017,0.036,219.9972,-0.022,-1.349,91,0,yes
default,formant+3,0,3,220,220.0021,0.016,0.043,220.0158,0.124,-1.304,91,0,yes
default,formant+6,0,6,220,220.0021,0.016,0.035,220.0196,0.154,-2.433,91,0,yes
cheaper,pitch+12,12,0,440,443.3586,13.165,15.418,444.1941,16.424,-9.228,91,0,yes
cheaper,pitch-12,-12,0,110,108.8484,-18.220,22.708,114.8253,74.324,-4.447,91,0,yes
cheaper,formant-6,0,-6,220,220.0022,0.017,0.171,220.0013,0.010,-3.415,91,0,yes
cheaper,formant-3,0,-3,220,220.0007,0.006,0.124,219.9978,-0.017,-1.508,91,0,yes
cheaper,formant+3,0,3,220,220.0027,0.021,0.057,220.0168,0.133,-1.277,91,0,yes
cheaper,formant+6,0,6,220,220.0020,0.016,0.141,220.0215,0.169,-2.409,91,0,yes
b960-i120,pitch+12,12,0,440,446.2947,24.592,24.597,446.2669,24.484,-7.292,91,0,yes
b960-i120,pitch-12,-12,0,110,115.5209,84.781,84.811,115.5622,85.399,-2.522,91,0,yes
b960-i120,formant-6,0,-6,220,220.0021,0.017,0.019,220.0002,0.002,-2.427,91,0,yes
b960-i120,formant-3,0,-3,220,220.0021,0.017,0.019,219.9997,-0.002,-0.986,91,0,yes
b960-i120,formant+3,0,3,220,220.0021,0.016,0.019,220.0174,0.137,-0.040,91,0,yes
b960-i120,formant+6,0,6,220,220.0021,0.017,0.019,220.0234,0.184,-0.785,91,0,yes
b960-i240,pitch+12,12,0,440,453.0278,50.515,50.607,452.9546,50.236,-7.994,91,0,yes
b960-i240,pitch-12,-12,0,110,114.6235,71.279,71.632,114.6267,71.327,-3.137,91,0,yes
b960-i240,formant-6,0,-6,220,220.0019,0.015,0.027,220.0010,0.008,-2.912,91,0,yes
b960-i240,formant-3,0,-3,220,220.0021,0.016,0.024,219.9999,-0.001,-1.258,91,0,yes
b960-i240,formant+3,0,3,220,220.0024,0.019,0.027,220.0190,0.150,-0.280,91,0,yes
b960-i240,formant+6,0,6,220,220.0025,0.020,0.029,220.0243,0.191,-1.224,91,0,yes
b960-i240-split,pitch+12,12,0,440,453.0278,50.515,50.607,452.9546,50.236,-7.994,91,0,yes
b960-i240-split,pitch-12,-12,0,110,114.6235,71.279,71.632,114.6267,71.327,-3.137,91,0,yes
b960-i240-split,formant-6,0,-6,220,220.0019,0.015,0.027,220.0010,0.008,-2.912,91,0,yes
b960-i240-split,formant-3,0,-3,220,220.0021,0.016,0.024,219.9999,-0.001,-1.258,91,0,yes
b960-i240-split,formant+3,0,3,220,220.0024,0.019,0.027,220.0190,0.150,-0.280,91,0,yes
b960-i240-split,formant+6,0,6,220,220.0025,0.020,0.029,220.0243,0.191,-1.224,91,0,yes
b1440-i240,pitch+12,12,0,440,445.8897,23.020,23.035,445.8636,22.919,-6.832,91,0,yes
b1440-i240,pitch-12,-12,0,110,110.9941,15.575,15.758,110.9872,15.468,-3.355,91,0,yes
b1440-i240,formant-6,0,-6,220,220.0021,0.016,0.020,220.0002,0.001,-2.257,91,0,yes
b1440-i240,formant-3,0,-3,220,220.0021,0.017,0.019,219.9989,-0.009,-0.662,91,0,yes
b1440-i240,formant+3,0,3,220,220.0021,0.017,0.019,220.0166,0.130,-0.643,91,0,yes
b1440-i240,formant+6,0,6,220,220.0021,0.017,0.019,220.0217,0.171,-1.617,91,0,yes
b1440-i360,pitch+12,12,0,440,440.4327,1.702,1.901,440.3978,1.564,-6.777,91,0,yes
b1440-i360,pitch-12,-12,0,110,113.8269,59.205,63.739,113.7792,58.480,-3.721,91,0,yes
b1440-i360,formant-6,0,-6,220,220.0024,0.019,0.052,220.0002,0.002,-2.316,91,0,yes
b1440-i360,formant-3,0,-3,220,220.0023,0.018,0.042,219.9986,-0.011,-0.642,91,0,yes
b1440-i360,formant+3,0,3,220,220.0022,0.017,0.040,220.0165,0.130,-0.803,91,0,yes
b1440-i360,formant+6,0,6,220,220.0024,0.019,0.044,220.0212,0.167,-1.811,91,0,yes
b1440-i480,pitch+12,12,0,440,439.9386,-0.242,0.649,439.8798,-0.473,-6.772,91,0,yes
b1440-i480,pitch-12,-12,0,110,113.3385,51.761,53.127,113.3036,51.228,-4.053,91,0,yes
b1440-i480,formant-6,0,-6,220,220.0000,-0.000,0.304,220.0003,0.002,-2.304,91,0,yes
b1440-i480,formant-3,0,-3,220,219.9985,-0.012,0.259,219.9982,-0.014,-0.590,91,0,yes
b1440-i480,formant+3,0,3,220,220.0018,0.014,0.109,220.0165,0.130,-0.927,91,0,yes
b1440-i480,formant+6,0,6,220,220.0021,0.017,0.119,220.0215,0.169,-1.945,91,0,yes
b1440-i240-split,pitch+12,12,0,440,445.8897,23.020,23.035,445.8636,22.919,-6.832,91,0,yes
b1440-i240-split,pitch-12,-12,0,110,110.9941,15.575,15.758,110.9872,15.468,-3.355,91,0,yes
b1440-i240-split,formant-6,0,-6,220,220.0021,0.016,0.020,220.0002,0.001,-2.257,91,0,yes
b1440-i240-split,formant-3,0,-3,220,220.0021,0.017,0.019,219.9989,-0.009,-0.662,91,0,yes
b1440-i240-split,formant+3,0,3,220,220.0021,0.017,0.019,220.0166,0.130,-0.643,91,0,yes
b1440-i240-split,formant+6,0,6,220,220.0021,0.017,0.019,220.0217,0.171,-1.617,91,0,yes
b1920-i240,pitch+12,12,0,440,445.6811,22.210,22.213,445.6529,22.100,-7.720,91,0,yes
b1920-i240,pitch-12,-12,0,110,110.3052,4.798,4.945,110.3599,5.655,-3.708,91,0,yes
b1920-i240,formant-6,0,-6,220,220.0021,0.017,0.019,220.0000,-0.000,-2.650,91,0,yes
b1920-i240,formant-3,0,-3,220,220.0021,0.016,0.018,219.9982,-0.014,-0.891,91,0,yes
b1920-i240,formant+3,0,3,220,220.0021,0.017,0.018,220.0166,0.131,-0.826,91,0,yes
b1920-i240,formant+6,0,6,220,220.0021,0.017,0.018,220.0216,0.170,-1.921,91,0,yes
b1920-i480,pitch+12,12,0,440,446.2121,24.271,24.366,446.0487,23.637,-8.364,91,0,yes
b1920-i480,pitch-12,-12,0,110,110.5215,8.188,8.446,110.5115,8.031,-4.119,91,0,yes
b1920-i480,formant-6,0,-6,220,220.0020,0.016,0.026,220.0002,0.002,-2.907,91,0,yes
b1920-i480,formant-3,0,-3,220,220.0021,0.017,0.022,219.9977,-0.018,-1.079,91,0,yes
b1920-i480,formant+3,0,3,220,220.0021,0.016,0.024,220.0168,0.132,-1.047,91,0,yes
b1920-i480,formant+6,0,6,220,220.0021,0.017,0.027,220.0211,0.166,-2.148,91,0,yes
b1920-i480-split,pitch+12,12,0,440,446.2121,24.271,24.366,446.0487,23.637,-8.364,91,0,yes
b1920-i480-split,pitch-12,-12,0,110,110.5215,8.188,8.446,110.5115,8.031,-4.119,91,0,yes
b1920-i480-split,formant-6,0,-6,220,220.0020,0.016,0.026,220.0002,0.002,-2.907,91,0,yes
b1920-i480-split,formant-3,0,-3,220,220.0021,0.017,0.022,219.9977,-0.018,-1.079,91,0,yes
b1920-i480-split,formant+3,0,3,220,220.0021,0.016,0.024,220.0168,0.132,-1.047,91,0,yes
b1920-i480-split,formant+6,0,6,220,220.0021,0.017,0.027,220.0211,0.166,-2.148,91,0,yes
b2880-i480,pitch+12,12,0,440,443.1464,12.336,12.346,443.0247,11.860,-7.664,91,0,yes
b2880-i480,pitch-12,-12,0,110,110.0325,0.511,0.534,110.0257,0.405,-3.910,91,0,yes
b2880-i480,formant-6,0,-6,220,220.0021,0.017,0.018,220.0004,0.003,-2.739,91,0,yes
b2880-i480,formant-3,0,-3,220,220.0021,0.017,0.018,219.9977,-0.018,-0.910,91,0,yes
b2880-i480,formant+3,0,3,220,220.0021,0.017,0.018,220.0162,0.127,-1.179,91,0,yes
b2880-i480,formant+6,0,6,220,220.0021,0.017,0.019,220.0205,0.162,-2.273,91,0,yes
b2880-i720,pitch+12,12,0,440,440.2373,0.934,1.092,440.1458,0.573,-7.624,91,0,yes
b2880-i720,pitch-12,-12,0,110,110.4911,7.711,8.073,110.4943,7.762,-3.874,91,0,yes
b2880-i720,formant-6,0,-6,220,220.0021,0.016,0.021,220.0000,0.000,-2.811,91,0,yes
b2880-i720,formant-3,0,-3,220,220.0022,0.018,0.021,219.9972,-0.022,-0.978,91,0,yes
b2880-i720,formant+3,0,3,220,220.0022,0.017,0.023,220.0160,0.126,-1.244,91,0,yes
b2880-i720,formant+6,0,6,220,220.0021,0.017,0.023,220.0202,0.159,-2.337,91,0,yes
