config,wave,compensate_pitch,input_hz,pitch_st,expected_hz,yin_median_hz,yin_cents,zero_cross_cents
default,sine,1,100,-12,50.0000,0.0000,0.000,34.873
default,sine,1,100,-4,79.3701,79.7358,7.959,7.625
default,sine,1,100,4,125.9921,126.8630,11.925,10.980
default,sine,1,100,12,200.0000,201.4428,12.445,11.638
default,sine,1,150,-12,75.0000,76.0981,25.163,25.089
default,sine,1,150,-4,119.0551,119.0170,-0.554,-0.428
default,sine,1,150,4,188.9882,189.0226,0.315,0.427
default,sine,1,150,12,300.0000,300.1712,0.987,-1.403
default,sine,1,200,-12,100.0000,99.7703,-3.981,-4.629
default,sine,1,200,-4,158.7401,160.0437,14.159,14.734
default,sine,1,200,4,251.9842,253.5015,10.393,10.870
default,sine,1,200,12,400.0000,402.2604,9.756,10.246
default,sine,1,220,-12,110.0000,110.5204,8.171,7.671
default,sine,1,220,-4,174.6141,174.6943,0.795,0.424
default,sine,1,220,4,277.1826,277.6670,3.022,3.089
default,sine,1,220,12,440.0000,440.1845,0.726,0.885
default,sine,1,250,-12,125.0000,124.9783,-0.301,5.769
default,sine,1,250,-4,198.4251,199.1671,6.462,6.297
default,sine,1,250,4,314.9803,315.5845,3.318,3.218
default,sine,1,250,12,500.0000,500.2069,0.716,-0.584
default,sine,1,300,-12,150.0000,151.0309,11.857,11.496
default,sine,1,300,-4,238.1102,237.9896,-0.877,-0.956
default,sine,1,300,4,377.9763,378.1115,0.619,0.727
default,sine,1,300,12,600.0000,602.2421,6.457,6.640
default,sine,1,400,-12,200.0000,201.1330,9.780,13.456
default,sine,1,400,-4,317.4802,318.6996,6.637,6.704
default,sine,1,400,4,503.9684,504.4392,1.616,1.559
default,sine,1,400,12,800.0000,800.3333,0.721,0.515
default,sine,0,100,-12,50.0000,0.0000,0.000,21.464
default,sine,0,100,-4,79.3701,79.6171,5.380,4.860
default,sine,0,100,4,125.9921,126.6075,8.435,8.207
default,sine,0,100,12,200.0000,201.3150,11.346,11.147
default,sine,0,150,-12,75.0000,75.5422,12.471,11.395
default,sine,0,150,-4,119.0551,119.0066,-0.705,-0.677
default,sine,0,150,4,188.9882,189.0186,0.279,0.468
default,sine,0,150,12,300.0000,299.3769,-3.599,-3.695
default,sine,0,200,-12,100.0000,99.6354,-6.324,-6.389
default,sine,0,200,-4,158.7401,159.9414,13.052,12.938
default,sine,0,200,4,251.9842,253.3005,9.020,8.962
default,sine,0,200,12,400.0000,401.3092,5.657,5.573
default,sine,0,220,-12,110.0000,110.5028,7.896,7.371
default,sine,0,220,-4,174.6141,174.5531,-0.605,-0.821
default,sine,0,220,4,277.1826,277.3409,0.988,1.043
default,sine,0,220,12,440.0000,439.5004,-1.967,-1.935
default,sine,0,250,-12,125.0000,124.9758,-0.336,-0.629
default,sine,0,250,-4,198.4251,198.9104,4.228,4.023
default,sine,0,250,4,314.9803,315.2690,1.586,1.583
default,sine,0,250,12,500.0000,500.0681,0.236,0.079
default,sine,0,300,-12,150.0000,150.9177,10.560,10.246
default,sine,0,300,-4,238.1102,237.9469,-1.188,-1.283
default,sine,0,300,4,377.9763,378.1064,0.596,0.688
default,sine,0,300,12,600.0000,600.9006,2.597,2.550
default,sine,0,400,-12,200.0000,200.5651,4.885,4.602
default,sine,0,400,-4,317.4802,318.3856,4.930,4.906
default,sine,0,400,4,503.9684,504.0857,0.403,0.402
default,sine,0,400,12,800.0000,799.4869,-1.111,-1.248
default,harmonic1-5,1,100,-12,50.0000,0.0000,0.000,
default,harmonic1-5,1,100,-4,79.3701,79.5402,3.707,
default,harmonic1-5,1,100,4,125.9921,126.5999,8.332,
default,harmonic1-5,1,100,12,200.0000,201.3626,11.755,
default,harmonic1-5,1,150,-12,75.0000,75.0561,1.295,
default,harmonic1-5,1,150,-4,119.0551,118.9551,-1.455,
default,harmonic1-5,1,150,4,188.9882,189.0829,0.868,
default,harmonic1-5,1,150,12,300.0000,300.7060,4.069,
default,harmonic1-5,1,200,-12,100.0000,100.0312,0.541,
default,harmonic1-5,1,200,-4,158.7401,158.9981,2.811,
default,harmonic1-5,1,200,4,251.9842,252.7011,4.918,
default,harmonic1-5,1,200,12,400.0000,400.9524,4.117,
default,harmonic1-5,1,220,-12,110.0000,110.2882,4.530,
default,harmonic1-5,1,220,-4,174.6141,174.7785,1.629,
default,harmonic1-5,1,220,4,277.1826,277.6089,2.660,
default,harmonic1-5,1,220,12,440.0000,440.5406,2.126,
default,harmonic1-5,1,250,-12,125.0000,124.9870,-0.181,
default,harmonic1-5,1,250,-4,198.4251,198.6513,1.972,
default,harmonic1-5,1,250,4,314.9803,315.4143,2.384,
default,harmonic1-5,1,250,12,500.0000,500.2192,0.759,
default,harmonic1-5,1,300,-12,150.0000,150.0327,0.377,
default,harmonic1-5,1,300,-4,238.1102,238.0707,-0.287,
default,harmonic1-5,1,300,4,377.9763,378.1157,0.638,
default,harmonic1-5,1,300,12,600.0000,601.2280,3.540,
default,harmonic1-5,1,400,-12,200.0000,200.1240,1.073,
default,harmonic1-5,1,400,-4,317.4802,317.7350,1.389,
default,harmonic1-5,1,400,4,503.9684,504.4029,1.492,
default,harmonic1-5,1,400,12,800.0000,800.5241,1.134,
default,harmonic1-5,0,100,-12,50.0000,0.0000,0.000,
default,harmonic1-5,0,100,-4,79.3701,79.5445,3.802,
default,harmonic1-5,0,100,4,125.9921,126.3616,5.070,
default,harmonic1-5,0,100,12,200.0000,200.4741,4.099,
default,harmonic1-5,0,150,-12,75.0000,74.9806,-0.449,
default,harmonic1-5,0,150,-4,119.0551,118.9574,-1.420,
default,harmonic1-5,0,150,4,188.9882,189.0626,0.682,
default,harmonic1-5,0,150,12,300.0000,300.1639,0.945,
default,harmonic1-5,0,200,-12,100.0000,99.9208,-1.371,
default,harmonic1-5,0,200,-4,158.7401,159.1140,4.073,
default,harmonic1-5,0,200,4,251.9842,252.3617,2.592,
default,harmonic1-5,0,200,12,400.0000,400.3611,1.562,
default,harmonic1-5,0,220,-12,110.0000,110.3253,5.112,
default,harmonic1-5,0,220,-4,174.6141,174.7725,1.570,
default,harmonic1-5,0,220,4,277.1826,277.4584,1.722,
default,harmonic1-5,0,220,12,440.0000,440.1836,0.722,
default,harmonic1-5,0,250,-12,125.0000,124.9780,-0.305,
default,harmonic1-5,0,250,-4,198.4251,198.6565,2.018,
default,harmonic1-5,0,250,4,314.9803,315.2632,1.554,
default,harmonic1-5,0,250,12,500.0000,500.0676,0.234,
default,harmonic1-5,0,300,-12,150.0000,150.2300,2.652,
default,harmonic1-5,0,300,-4,238.1102,238.0764,-0.245,
default,harmonic1-5,0,300,4,377.9763,378.1060,0.594,
default,harmonic1-5,0,300,12,600.0000,600.3783,1.091,
default,harmonic1-5,0,400,-12,200.0000,200.1980,1.713,
default,harmonic1-5,0,400,-4,317.4802,317.8001,1.744,
default,harmonic1-5,0,400,4,503.9684,504.2420,0.940,
default,harmonic1-5,0,400,12,800.0000,800.2183,0.472,
b960-i120,sine,1,100,-12,50.0000,0.0000,0.000,32.058
b960-i120,sine,1,100,-4,79.3701,83.1637,80.830,80.745
b960-i120,sine,1,100,4,125.9921,130.7535,64.219,64.211
b960-i120,sine,1,100,12,200.0000,203.9234,33.633,33.572
b960-i120,sine,1,150,-12,75.0000,74.6743,-7.533,-7.533
b960-i120,sine,1,150,-4,119.0551,119.6569,8.729,8.727
b960-i120,sine,1,150,4,188.9882,193.0923,37.194,37.099
b960-i120,sine,1,150,12,300.0000,311.2685,63.837,63.516
b960-i120,sine,1,200,-12,100.0000,101.3837,23.792,23.782
b960-i120,sine,1,200,-4,158.7401,158.0222,-7.847,-7.840
b960-i120,sine,1,200,4,251.9842,253.5220,10.533,10.515
b960-i120,sine,1,200,12,400.0000,411.2575,48.051,47.667
b960-i120,sine,1,220,-12,110.0000,115.5236,84.820,85.392
b960-i120,sine,1,220,-4,174.6141,174.9702,3.527,3.544
b960-i120,sine,1,220,4,277.1826,277.9263,4.639,4.633
b960-i120,sine,1,220,12,440.0000,446.2935,24.587,24.478
b960-i120,sine,1,250,-12,125.0000,125.2914,4.031,4.115
b960-i120,sine,1,250,-4,198.4251,200.1389,14.888,14.841
b960-i120,sine,1,250,4,314.9803,318.8047,20.894,20.815
b960-i120,sine,1,250,12,500.0000,511.3109,38.727,38.545
b960-i120,sine,1,300,-12,150.0000,152.9889,34.158,34.259
b960-i120,sine,1,300,-4,238.1102,242.0932,28.720,28.934
b960-i120,sine,1,300,4,377.9763,383.0375,23.028,22.848
b960-i120,sine,1,300,12,600.0000,610.9785,31.391,31.283
b960-i120,sine,1,400,-12,200.0000,204.5177,38.671,38.651
b960-i120,sine,1,400,-4,317.4802,318.8040,7.204,7.231
b960-i120,sine,1,400,4,503.9684,505.5901,5.562,5.317
b960-i120,sine,1,400,12,800.0000,809.5191,20.478,20.286
b960-i120,sine,0,100,-12,50.0000,0.0000,0.000,32.192
b960-i120,sine,0,100,-4,79.3701,82.9393,76.153,76.154
b960-i120,sine,0,100,4,125.9921,130.0816,55.300,55.256
b960-i120,sine,0,100,12,200.0000,201.8830,16.223,16.142
b960-i120,sine,0,150,-12,75.0000,74.0041,-23.142,-23.130
b960-i120,sine,0,150,-4,119.0551,119.5689,7.456,7.421
b960-i120,sine,0,150,4,188.9882,192.8969,35.441,35.446
b960-i120,sine,0,150,12,300.0000,306.2939,35.945,35.799
b960-i120,sine,0,200,-12,100.0000,100.8947,15.420,15.429
b960-i120,sine,0,200,-4,158.7401,157.9769,-8.344,-8.331
b960-i120,sine,0,200,4,251.9842,253.2803,8.882,8.690
b960-i120,sine,0,200,12,400.0000,405.6233,24.168,23.976
b960-i120,sine,0,220,-12,110.0000,114.5914,70.795,70.668
b960-i120,sine,0,220,-4,174.6141,174.9758,3.582,3.586
b960-i120,sine,0,220,4,277.1826,277.2592,0.478,0.340
b960-i120,sine,0,220,12,440.0000,441.1614,4.564,4.383
b960-i120,sine,0,250,-12,125.0000,124.0676,-12.962,-12.982
b960-i120,sine,0,250,-4,198.4251,200.0423,14.053,14.060
b960-i120,sine,0,250,4,314.9803,318.1937,17.573,17.524
b960-i120,sine,0,250,12,500.0000,505.0449,17.380,17.120
b960-i120,sine,0,300,-12,150.0000,152.1804,24.985,24.989
b960-i120,sine,0,300,-4,238.1102,241.6513,25.557,25.547
b960-i120,sine,0,300,4,377.9763,382.4218,20.243,20.167
b960-i120,sine,0,300,12,600.0000,604.4308,12.738,12.565
b960-i120,sine,0,400,-12,200.0000,203.4118,29.284,29.159
b960-i120,sine,0,400,-4,317.4802,318.3640,4.812,4.793
b960-i120,sine,0,400,4,503.9684,504.7689,2.748,2.651
b960-i120,sine,0,400,12,800.0000,803.1965,6.904,6.643
b960-i120,harmonic1-5,1,100,-12,50.0000,0.0000,0.000,
b960-i120,harmonic1-5,1,100,-4,79.3701,0.0000,0.000,
b960-i120,harmonic1-5,1,100,4,125.9921,0.0000,0.000,
b960-i120,harmonic1-5,1,100,12,200.0000,116.2795,-938.884,
b960-i120,harmonic1-5,1,150,-12,75.0000,72.9029,-49.097,
b960-i120,harmonic1-5,1,150,-4,119.0551,0.0000,0.000,
b960-i120,harmonic1-5,1,150,4,188.9882,199.7418,95.809,
b960-i120,harmonic1-5,1,150,12,300.0000,319.1279,107.007,
b960-i120,harmonic1-5,1,200,-12,100.0000,98.8810,-19.483,
b960-i120,harmonic1-5,1,200,-4,158.7401,0.0000,0.000,
b960-i120,harmonic1-5,1,200,4,251.9842,264.3598,83.003,
b960-i120,harmonic1-5,1,200,12,400.0000,408.5611,36.662,
b960-i120,harmonic1-5,1,220,-12,110.0000,0.0000,0.000,
b960-i120,harmonic1-5,1,220,-4,174.6141,86.2016,-1222.060,
b960-i120,harmonic1-5,1,220,4,277.1826,286.6537,58.167,
b960-i120,harmonic1-5,1,220,12,440.0000,446.8717,26.828,
b960-i120,harmonic1-5,1,250,-12,125.0000,121.3282,-51.616,
b960-i120,harmonic1-5,1,250,-4,198.4251,193.8298,-40.566,
b960-i120,harmonic1-5,1,250,4,314.9803,319.7897,26.235,
b960-i120,harmonic1-5,1,250,12,500.0000,514.8031,50.511,
b960-i120,harmonic1-5,1,300,-12,150.0000,149.2569,-8.598,
b960-i120,harmonic1-5,1,300,-4,238.1102,238.3952,2.072,
b960-i120,harmonic1-5,1,300,4,377.9763,384.6049,30.098,
b960-i120,harmonic1-5,1,300,12,600.0000,611.0760,31.667,
b960-i120,harmonic1-5,1,400,-12,200.0000,199.7230,-2.399,
b960-i120,harmonic1-5,1,400,-4,317.4802,318.2572,4.232,
b960-i120,harmonic1-5,1,400,4,503.9684,509.5169,18.956,
b960-i120,harmonic1-5,1,400,12,800.0000,815.6698,33.582,
b960-i120,harmonic1-5,0,100,-12,50.0000,0.0000,0.000,
b960-i120,harmonic1-5,0,100,-4,79.3701,0.0000,0.000,
b960-i120,harmonic1-5,0,100,4,125.9921,0.0000,0.000,
b960-i120,harmonic1-5,0,100,12,200.0000,104.9990,-1115.549,
b960-i120,harmonic1-5,0,150,-12,75.0000,0.0000,0.000,
b960-i120,harmonic1-5,0,150,-4,119.0551,0.0000,0.000,
b960-i120,harmonic1-5,0,150,4,188.9882,0.0000,0.000,
b960-i120,harmonic1-5,0,150,12,300.0000,157.3942,-1116.696,
b960-i120,harmonic1-5,0,200,-12,100.0000,97.6527,-41.122,
b960-i120,harmonic1-5,0,200,-4,158.7401,0.0000,0.000,
b960-i120,harmonic1-5,0,200,4,251.9842,258.0134,40.935,
b960-i120,harmonic1-5,0,200,12,400.0000,406.4829,27.834,
b960-i120,harmonic1-5,0,220,-12,110.0000,110.0973,1.531,
b960-i120,harmonic1-5,0,220,-4,174.6141,166.2350,-85.135,
b960-i120,harmonic1-5,0,220,4,277.1826,282.7349,34.336,
b960-i120,harmonic1-5,0,220,12,440.0000,446.6049,25.795,
b960-i120,harmonic1-5,0,250,-12,125.0000,121.0792,-55.172,
b960-i120,harmonic1-5,0,250,-4,198.4251,194.5727,-33.943,
b960-i120,harmonic1-5,0,250,4,314.9803,318.0533,16.808,
b960-i120,harmonic1-5,0,250,12,500.0000,503.7450,12.919,
b960-i120,harmonic1-5,0,300,-12,150.0000,148.9905,-11.690,
b960-i120,harmonic1-5,0,300,-4,238.1102,238.3485,1.732,
b960-i120,harmonic1-5,0,300,4,377.9763,379.4747,6.850,
b960-i120,harmonic1-5,0,300,12,600.0000,603.9695,11.416,
b960-i120,harmonic1-5,0,400,-12,200.0000,199.2471,-6.530,
b960-i120,harmonic1-5,0,400,-4,317.4802,317.8995,2.285,
b960-i120,harmonic1-5,0,400,4,503.9684,505.5827,5.537,
b960-i120,harmonic1-5,0,400,12,800.0000,802.1927,4.739,
b1440-i240,sine,1,100,-12,50.0000,0.0000,0.000,28.711
b1440-i240,sine,1,100,-4,79.3701,80.3259,20.724,20.721
b1440-i240,sine,1,100,4,125.9921,129.0184,41.093,40.580
b1440-i240,sine,1,100,12,200.0000,205.7126,48.756,48.428
b1440-i240,sine,1,150,-12,75.0000,79.4169,99.067,99.068
b1440-i240,sine,1,150,-4,119.0551,119.2121,2.282,2.303
b1440-i240,sine,1,150,4,188.9882,189.7524,6.987,6.810
b1440-i240,sine,1,150,12,300.0000,303.6282,20.812,20.495
b1440-i240,sine,1,200,-12,100.0000,102.8080,47.943,47.990
b1440-i240,sine,1,200,-4,158.7401,162.3269,38.683,38.658
b1440-i240,sine,1,200,4,251.9842,256.0989,28.041,27.902
b1440-i240,sine,1,200,12,400.0000,407.4305,31.865,31.400
b1440-i240,sine,1,220,-12,110.0000,110.9945,15.582,15.464
b1440-i240,sine,1,220,-4,174.6141,177.3403,26.821,26.802
b1440-i240,sine,1,220,4,277.1826,280.4932,20.555,20.493
b1440-i240,sine,1,220,12,440.0000,445.8897,23.020,22.919
b1440-i240,sine,1,250,-12,125.0000,124.1953,-11.181,-11.141
b1440-i240,sine,1,250,-4,198.4251,199.2557,7.232,7.217
b1440-i240,sine,1,250,4,314.9803,316.2949,7.211,7.012
b1440-i240,sine,1,250,12,500.0000,505.9819,20.589,20.276
b1440-i240,sine,1,300,-12,150.0000,150.1591,1.836,1.665
b1440-i240,sine,1,300,-4,238.1102,238.0256,-0.615,-0.601
b1440-i240,sine,1,300,4,377.9763,381.6190,16.605,16.391
b1440-i240,sine,1,300,12,600.0000,606.7748,19.438,19.121
b1440-i240,sine,1,400,-12,200.0000,204.7776,40.870,40.810
b1440-i240,sine,1,400,-4,317.4802,319.9207,13.257,13.379
b1440-i240,sine,1,400,4,503.9684,505.8137,6.327,6.101
b1440-i240,sine,1,400,12,800.0000,803.7524,8.101,7.843
b1440-i240,sine,0,100,-12,50.0000,0.0000,0.000,3.778
b1440-i240,sine,0,100,-4,79.3701,80.1649,17.252,17.068
b1440-i240,sine,0,100,4,125.9921,128.9141,39.692,39.720
b1440-i240,sine,0,100,12,200.0000,202.8150,24.197,24.143
b1440-i240,sine,0,150,-12,75.0000,78.5866,80.870,80.800
b1440-i240,sine,0,150,-4,119.0551,119.2103,2.255,2.221
b1440-i240,sine,0,150,4,188.9882,189.2142,2.069,2.044
b1440-i240,sine,0,150,12,300.0000,301.5179,8.738,8.432
b1440-i240,sine,0,200,-12,100.0000,102.3046,39.445,39.286
b1440-i240,sine,0,200,-4,158.7401,162.0142,35.344,35.318
b1440-i240,sine,0,200,4,251.9842,255.6906,25.279,25.087
b1440-i240,sine,0,200,12,400.0000,402.9473,12.709,12.576
b1440-i240,sine,0,220,-12,110.0000,109.6987,-4.749,-4.912
b1440-i240,sine,0,220,-4,174.6141,176.8459,21.988,21.820
b1440-i240,sine,0,220,4,277.1826,280.3498,19.669,19.525
b1440-i240,sine,0,220,12,440.0000,443.4272,13.433,13.277
b1440-i240,sine,0,250,-12,125.0000,124.1123,-12.338,-12.297
b1440-i240,sine,0,250,-4,198.4251,198.8287,3.517,3.438
b1440-i240,sine,0,250,4,314.9803,316.0068,5.633,5.526
b1440-i240,sine,0,250,12,500.0000,503.7080,12.791,12.619
b1440-i240,sine,0,300,-12,150.0000,149.6856,-3.632,-3.611
b1440-i240,sine,0,300,-4,238.1102,238.0144,-0.696,-0.714
b1440-i240,sine,0,300,4,377.9763,380.7054,12.455,12.352
b1440-i240,sine,0,300,12,600.0000,602.8765,8.280,8.129
b1440-i240,sine,0,400,-12,200.0000,203.5994,30.880,30.835
b1440-i240,sine,0,400,-4,317.4802,319.3905,10.386,10.274
b1440-i240,sine,0,400,4,503.9684,504.8224,2.931,2.766
b1440-i240,sine,0,400,12,800.0000,801.6171,3.496,3.214
b1440-i240,harmonic1-5,1,100,-12,50.0000,0.0000,0.000,
b1440-i240,harmonic1-5,1,100,-4,79.3701,0.0000,0.000,
b1440-i240,harmonic1-5,1,100,4,125.9921,65.9387,-1120.963,
b1440-i240,harmonic1-5,1,100,12,200.0000,216.7103,138.922,
b1440-i240,harmonic1-5,1,150,-12,75.0000,75.4099,9.436,
b1440-i240,harmonic1-5,1,150,-4,119.0551,119.1698,1.668,
b1440-i240,harmonic1-5,1,150,4,188.9882,194.8773,53.124,
b1440-i240,harmonic1-5,1,150,12,300.0000,303.9900,22.874,
b1440-i240,harmonic1-5,1,200,-12,100.0000,99.9982,-0.031,
b1440-i240,harmonic1-5,1,200,-4,158.7401,0.0000,0.000,
b1440-i240,harmonic1-5,1,200,4,251.9842,257.3947,36.779,
b1440-i240,harmonic1-5,1,200,12,400.0000,410.5277,44.975,
b1440-i240,harmonic1-5,1,220,-12,110.0000,109.5389,-7.273,
b1440-i240,harmonic1-5,1,220,-4,174.6141,0.0000,0.000,
b1440-i240,harmonic1-5,1,220,4,277.1826,279.7199,15.775,
b1440-i240,harmonic1-5,1,220,12,440.0000,449.4352,36.732,
b1440-i240,harmonic1-5,1,250,-12,125.0000,124.4852,-7.145,
b1440-i240,harmonic1-5,1,250,-4,198.4251,200.5087,18.084,
b1440-i240,harmonic1-5,1,250,4,314.9803,316.9149,10.601,
b1440-i240,harmonic1-5,1,250,12,500.0000,507.8309,26.904,
b1440-i240,harmonic1-5,1,300,-12,150.0000,149.6784,-3.715,
b1440-i240,harmonic1-5,1,300,-4,238.1102,237.8086,-2.194,
b1440-i240,harmonic1-5,1,300,4,377.9763,380.3410,10.797,
b1440-i240,harmonic1-5,1,300,12,600.0000,606.0989,17.509,
b1440-i240,harmonic1-5,1,400,-12,200.0000,199.4657,-4.632,
b1440-i240,harmonic1-5,1,400,-4,317.4802,317.9218,2.406,
b1440-i240,harmonic1-5,1,400,4,503.9684,506.0018,6.971,
b1440-i240,harmonic1-5,1,400,12,800.0000,804.3685,9.428,
b1440-i240,harmonic1-5,0,100,-12,50.0000,0.0000,0.000,
b1440-i240,harmonic1-5,0,100,-4,79.3701,0.0000,0.000,
b1440-i240,harmonic1-5,0,100,4,125.9921,0.0000,0.000,
b1440-i240,harmonic1-5,0,100,12,200.0000,102.3752,-1159.361,
b1440-i240,harmonic1-5,0,150,-12,75.0000,75.5498,12.646,
b1440-i240,harmonic1-5,0,150,-4,119.0551,119.1707,1.680,
b1440-i240,harmonic1-5,0,150,4,188.9882,189.7820,7.257,
b1440-i240,harmonic1-5,0,150,12,300.0000,302.9373,16.868,
b1440-i240,harmonic1-5,0,200,-12,100.0000,99.9963,-0.064,
b1440-i240,harmonic1-5,0,200,-4,158.7401,160.2183,16.047,
b1440-i240,harmonic1-5,0,200,4,251.9842,253.2862,8.922,
b1440-i240,harmonic1-5,0,200,12,400.0000,402.4684,10.650,
b1440-i240,harmonic1-5,0,220,-12,110.0000,109.4401,-8.835,
b1440-i240,harmonic1-5,0,220,-4,174.6141,175.7280,11.009,
b1440-i240,harmonic1-5,0,220,4,277.1826,277.7974,3.835,
b1440-i240,harmonic1-5,0,220,12,440.0000,440.8327,3.273,
b1440-i240,harmonic1-5,0,250,-12,125.0000,124.3337,-9.253,
b1440-i240,harmonic1-5,0,250,-4,198.4251,199.6972,11.064,
b1440-i240,harmonic1-5,0,250,4,314.9803,315.6860,3.875,
b1440-i240,harmonic1-5,0,250,12,500.0000,501.1762,4.068,
b1440-i240,harmonic1-5,0,300,-12,150.0000,148.4491,-17.993,
b1440-i240,harmonic1-5,0,300,-4,238.1102,237.7252,-2.801,
b1440-i240,harmonic1-5,0,300,4,377.9763,379.2746,5.936,
b1440-i240,harmonic1-5,0,300,12,600.0000,601.4324,4.128,
b1440-i240,harmonic1-5,0,400,-12,200.0000,199.4574,-4.703,
b1440-i240,harmonic1-5,0,400,-4,317.4802,317.9632,2.632,
b1440-i240,harmonic1-5,0,400,4,503.9684,505.0733,3.791,
b1440-i240,harmonic1-5,0,400,12,800.0000,801.3891,3.004,
b1440-i360,sine,1,100,-12,50.0000,0.0000,0.000,121.078
b1440-i360,sine,1,100,-4,79.3701,81.6931,49.942,50.313
b1440-i360,sine,1,100,4,125.9921,129.4557,46.950,46.672
b1440-i360,sine,1,100,12,200.0000,199.2350,-6.635,-6.707
b1440-i360,sine,1,150,-12,75.0000,78.3133,74.841,75.222
b1440-i360,sine,1,150,-4,119.0551,118.7000,-5.171,-5.085
b1440-i360,sine,1,150,4,188.9882,190.9883,18.226,17.661
b1440-i360,sine,1,150,12,300.0000,305.7442,32.835,32.731
b1440-i360,sine,1,200,-12,100.0000,104.1109,69.745,69.813
b1440-i360,sine,1,200,-4,158.7401,164.1446,57.961,57.804
b1440-i360,sine,1,200,4,251.9842,257.7129,38.918,38.591
b1440-i360,sine,1,200,12,400.0000,408.0435,34.467,33.699
b1440-i360,sine,1,220,-12,110.0000,113.8269,59.205,58.480
b1440-i360,sine,1,220,-4,174.6141,179.7797,50.472,50.596
b1440-i360,sine,1,220,4,277.1826,281.0362,23.903,23.708
b1440-i360,sine,1,220,12,440.0000,440.4327,1.702,1.565
b1440-i360,sine,1,250,-12,125.0000,124.8761,-1.717,-1.586
b1440-i360,sine,1,250,-4,198.4251,200.0059,13.738,13.706
b1440-i360,sine,1,250,4,314.9803,314.8749,-0.579,-0.570
b1440-i360,sine,1,250,12,500.0000,500.8011,2.772,2.706
b1440-i360,sine,1,300,-12,150.0000,149.2164,-9.068,-9.172
b1440-i360,sine,1,300,-4,238.1102,237.7494,-2.625,-2.613
b1440-i360,sine,1,300,4,377.9763,383.3135,24.275,23.959
b1440-i360,sine,1,300,12,600.0000,608.9031,25.500,25.049
b1440-i360,sine,1,400,-12,200.0000,204.0968,35.105,35.141
b1440-i360,sine,1,400,-4,317.4802,318.9427,7.957,7.888
b1440-i360,sine,1,400,4,503.9684,507.4650,11.970,11.846
b1440-i360,sine,1,400,12,800.0000,805.7961,12.498,12.178
b1440-i360,sine,0,100,-12,50.0000,0.0000,0.000,71.535
b1440-i360,sine,0,100,-4,79.3701,81.1616,38.643,38.350
b1440-i360,sine,0,100,4,125.9921,129.4004,46.210,45.831
b1440-i360,sine,0,100,12,200.0000,197.5121,-21.671,-21.776
b1440-i360,sine,0,150,-12,75.0000,77.3496,53.405,53.538
b1440-i360,sine,0,150,-4,119.0551,118.6999,-5.173,-5.103
b1440-i360,sine,0,150,4,188.9882,190.4138,13.011,12.758
b1440-i360,sine,0,150,12,300.0000,305.2691,30.143,29.837
b1440-i360,sine,0,200,-12,100.0000,103.7408,63.580,63.493
b1440-i360,sine,0,200,-4,158.7401,163.8390,54.734,54.483
b1440-i360,sine,0,200,4,251.9842,257.3443,36.440,36.161
b1440-i360,sine,0,200,12,400.0000,403.3694,14.522,14.208
b1440-i360,sine,0,220,-12,110.0000,112.0864,32.530,31.907
b1440-i360,sine,0,220,-4,174.6141,179.0728,43.651,43.603
b1440-i360,sine,0,220,4,277.1826,280.9053,23.097,22.931
b1440-i360,sine,0,220,12,440.0000,439.5927,-1.603,-1.728
b1440-i360,sine,0,250,-12,125.0000,124.8704,-1.796,-1.710
b1440-i360,sine,0,250,-4,198.4251,199.4579,8.988,8.996
b1440-i360,sine,0,250,4,314.9803,314.6918,-1.586,-1.618
b1440-i360,sine,0,250,12,500.0000,500.2377,0.823,0.680
b1440-i360,sine,0,300,-12,150.0000,148.7025,-15.041,-15.178
b1440-i360,sine,0,300,-4,238.1102,237.7460,-2.650,-2.645
b1440-i360,sine,0,300,4,377.9763,382.3866,20.083,19.908
b1440-i360,sine,0,300,12,600.0000,605.2243,15.009,14.771
b1440-i360,sine,0,400,-12,200.0000,202.5597,22.017,21.828
b1440-i360,sine,0,400,-4,317.4802,318.4720,5.400,5.340
b1440-i360,sine,0,400,4,503.9684,506.4519,8.510,8.390
b1440-i360,sine,0,400,12,800.0000,805.3080,11.449,11.277
b1440-i360,harmonic1-5,1,100,-12,50.0000,0.0000,0.000,
b1440-i360,harmonic1-5,1,100,-4,79.3701,0.0000,0.000,
b1440-i360,harmonic1-5,1,100,4,125.9921,131.9461,79.939,
b1440-i360,harmonic1-5,1,100,12,200.0000,195.2596,-41.528,
b1440-i360,harmonic1-5,1,150,-12,75.0000,76.5730,35.933,
b1440-i360,harmonic1-5,1,150,-4,119.0551,0.0000,0.000,
b1440-i360,harmonic1-5,1,150,4,188.9882,191.3539,21.537,
b1440-i360,harmonic1-5,1,150,12,300.0000,310.7426,60.909,
b1440-i360,harmonic1-5,1,200,-12,100.0000,99.1969,-13.960,
b1440-i360,harmonic1-5,1,200,-4,158.7401,161.6093,31.012,
b1440-i360,harmonic1-5,1,200,4,251.9842,255.3995,23.307,
b1440-i360,harmonic1-5,1,200,12,400.0000,408.1155,34.773,
b1440-i360,harmonic1-5,1,220,-12,110.0000,109.8995,-1.583,
b1440-i360,harmonic1-5,1,220,-4,174.6141,175.2232,6.029,
b1440-i360,harmonic1-5,1,220,4,277.1826,279.9340,17.100,
b1440-i360,harmonic1-5,1,220,12,440.0000,445.4537,21.326,
b1440-i360,harmonic1-5,1,250,-12,125.0000,124.6963,-4.212,
b1440-i360,harmonic1-5,1,250,-4,198.4251,199.0021,5.027,
b1440-i360,harmonic1-5,1,250,4,314.9803,316.2579,7.008,
b1440-i360,harmonic1-5,1,250,12,500.0000,504.4450,15.323,
b1440-i360,harmonic1-5,1,300,-12,150.0000,149.7626,-2.742,
b1440-i360,harmonic1-5,1,300,-4,238.1102,237.7613,-2.538,
b1440-i360,harmonic1-5,1,300,4,377.9763,380.7394,12.609,
b1440-i360,harmonic1-5,1,300,12,600.0000,605.4730,15.720,
b1440-i360,harmonic1-5,1,400,-12,200.0000,199.5244,-4.121,
b1440-i360,harmonic1-5,1,400,-4,317.4802,318.1676,3.744,
b1440-i360,harmonic1-5,1,400,4,503.9684,506.4278,8.428,
b1440-i360,harmonic1-5,1,400,12,800.0000,805.4976,11.856,
b1440-i360,harmonic1-5,0,100,-12,50.0000,0.0000,0.000,
b1440-i360,harmonic1-5,0,100,-4,79.3701,0.0000,0.000,
b1440-i360,harmonic1-5,0,100,4,125.9921,0.0000,0.000,
b1440-i360,harmonic1-5,0,100,12,200.0000,203.6170,31.030,
b1440-i360,harmonic1-5,0,150,-12,75.0000,75.0734,1.692,
b1440-i360,harmonic1-5,0,150,-4,119.0551,0.0000,0.000,
b1440-i360,harmonic1-5,0,150,4,188.9882,188.4262,-5.155,
b1440-i360,harmonic1-5,0,150,12,300.0000,302.5168,14.463,
b1440-i360,harmonic1-5,0,200,-12,100.0000,99.9398,-1.042,
b1440-i360,harmonic1-5,0,200,-4,158.7401,161.0645,25.166,
b1440-i360,harmonic1-5,0,200,4,251.9842,253.9530,13.474,
b1440-i360,harmonic1-5,0,200,12,400.0000,402.3418,10.106,
b1440-i360,harmonic1-5,0,220,-12,110.0000,109.8256,-2.747,
b1440-i360,harmonic1-5,0,220,-4,174.6141,175.4775,8.539,
b1440-i360,harmonic1-5,0,220,4,277.1826,278.9453,10.975,
b1440-i360,harmonic1-5,0,220,12,440.0000,440.4926,1.937,
b1440-i360,harmonic1-5,0,250,-12,125.0000,124.6039,-5.495,
b1440-i360,harmonic1-5,0,250,-4,198.4251,198.9391,4.479,
b1440-i360,harmonic1-5,0,250,4,314.9803,315.5168,2.947,
b1440-i360,harmonic1-5,0,250,12,500.0000,500.7577,2.622,
b1440-i360,harmonic1-5,0,300,-12,150.0000,148.5478,-16.842,
b1440-i360,harmonic1-5,0,300,-4,238.1102,237.7197,-2.841,
b1440-i360,harmonic1-5,0,300,4,377.9763,379.6397,7.602,
b1440-i360,harmonic1-5,0,300,12,600.0000,601.7828,5.136,
b1440-i360,harmonic1-5,0,400,-12,200.0000,199.6560,-2.981,
b1440-i360,harmonic1-5,0,400,-4,317.4802,318.1852,3.840,
b1440-i360,harmonic1-5,0,400,4,503.9684,505.4792,5.182,
b1440-i360,harmonic1-5,0,400,12,800.0000,802.0024,4.328,
b1440-i480,sine,1,100,-12,50.0000,0.0000,0.000,128.266
b1440-i480,sine,1,100,-4,79.3701,80.7835,30.559,29.781
b1440-i480,sine,1,100,4,125.9921,130.4739,60.513,60.222
b1440-i480,sine,1,100,12,200.0000,199.6491,-3.040,-3.906
b1440-i480,sine,1,150,-12,75.0000,81.0285,133.847,133.096
b1440-i480,sine,1,150,-4,119.0551,118.7528,-4.402,-4.425
b1440-i480,sine,1,150,4,188.9882,189.8237,7.638,7.508
b1440-i480,sine,1,150,12,300.0000,305.9961,34.261,34.524
b1440-i480,sine,1,200,-12,100.0000,105.3701,90.559,90.891
b1440-i480,sine,1,200,-4,158.7401,166.2732,80.267,79.941
b1440-i480,sine,1,200,4,251.9842,259.0160,47.649,47.447
b1440-i480,sine,1,200,12,400.0000,405.3495,23.000,22.881
b1440-i480,sine,1,220,-12,110.0000,113.3386,51.762,51.228
b1440-i480,sine,1,220,-4,174.6141,181.1545,63.660,63.378
b1440-i480,sine,1,220,4,277.1826,281.9024,29.230,29.204
b1440-i480,sine,1,220,12,440.0000,439.9389,-0.241,-0.474
b1440-i480,sine,1,250,-12,125.0000,124.9562,-0.607,-0.929
b1440-i480,sine,1,250,-4,198.4251,198.9635,4.691,4.495
b1440-i480,sine,1,250,4,314.9803,314.0713,-5.003,-5.113
b1440-i480,sine,1,250,12,500.0000,500.2405,0.833,0.785
b1440-i480,sine,1,300,-12,150.0000,146.5053,-40.812,-40.436
b1440-i480,sine,1,300,-4,238.1102,237.5158,-4.327,-4.396
b1440-i480,sine,1,300,4,377.9763,386.5390,38.782,38.747
b1440-i480,sine,1,300,12,600.0000,611.1822,31.968,32.526
b1440-i480,sine,1,400,-12,200.0000,206.3309,53.952,53.678
b1440-i480,sine,1,400,-4,317.4802,319.3517,10.176,9.931
b1440-i480,sine,1,400,4,503.9684,506.7395,9.493,9.421
b1440-i480,sine,1,400,12,800.0000,805.9622,12.855,13.096
b1440-i480,sine,0,100,-12,50.0000,0.0000,0.000,7.302
b1440-i480,sine,0,100,-4,79.3701,79.7859,9.046,8.361
b1440-i480,sine,0,100,4,125.9921,130.4498,60.194,59.972
b1440-i480,sine,0,100,12,200.0000,197.4307,-22.384,-22.602
b1440-i480,sine,0,150,-12,75.0000,80.2641,117.437,116.388
b1440-i480,sine,0,150,-4,119.0551,118.7500,-4.442,-4.586
b1440-i480,sine,0,150,4,188.9882,189.5063,4.740,4.641
b1440-i480,sine,0,150,12,300.0000,305.5092,31.504,31.417
b1440-i480,sine,0,200,-12,100.0000,105.2901,89.244,88.954
b1440-i480,sine,0,200,-4,158.7401,166.1097,78.563,78.258
b1440-i480,sine,0,200,4,251.9842,258.7767,46.049,45.941
b1440-i480,sine,0,200,12,400.0000,399.6786,-1.391,-1.535
b1440-i480,sine,0,220,-12,110.0000,111.2635,19.772,19.421
b1440-i480,sine,0,220,-4,174.6141,180.1936,54.453,54.085
b1440-i480,sine,0,220,4,277.1826,281.8359,28.822,28.699
b1440-i480,sine,0,220,12,440.0000,439.4874,-2.018,-2.297
b1440-i480,sine,0,250,-12,125.0000,124.9594,-0.563,-0.774
b1440-i480,sine,0,250,-4,198.4251,198.4001,-0.218,-0.274
b1440-i480,sine,0,250,4,314.9803,313.9920,-5.440,-5.548
b1440-i480,sine,0,250,12,500.0000,500.0634,0.220,0.092
b1440-i480,sine,0,300,-12,150.0000,146.2336,-44.025,-43.867
b1440-i480,sine,0,300,-4,238.1102,237.5135,-4.344,-4.448
b1440-i480,sine,0,300,4,377.9763,385.9315,36.059,35.966
b1440-i480,sine,0,300,12,600.0000,609.7155,27.808,27.746
b1440-i480,sine,0,400,-12,200.0000,205.1385,43.918,43.519
b1440-i480,sine,0,400,-4,317.4802,319.0427,8.499,8.250
b1440-i480,sine,0,400,4,503.9684,506.0547,7.152,7.046
b1440-i480,sine,0,400,12,800.0000,805.5313,11.929,11.889
b1440-i480,harmonic1-5,1,100,-12,50.0000,0.0000,0.000,
b1440-i480,harmonic1-5,1,100,-4,79.3701,0.0000,0.000,
b1440-i480,harmonic1-5,1,100,4,125.9921,129.2937,44.782,
b1440-i480,harmonic1-5,1,100,12,200.0000,209.7281,82.224,
b1440-i480,harmonic1-5,1,150,-12,75.0000,0.0000,0.000,
b1440-i480,harmonic1-5,1,150,-4,119.0551,119.6480,8.601,
b1440-i480,harmonic1-5,1,150,4,188.9882,191.3997,21.951,
b1440-i480,harmonic1-5,1,150,12,300.0000,307.8061,44.471,
b1440-i480,harmonic1-5,1,200,-12,100.0000,100.3549,6.134,
b1440-i480,harmonic1-5,1,200,-4,158.7401,159.6588,9.991,
b1440-i480,harmonic1-5,1,200,4,251.9842,255.6248,24.833,
b1440-i480,harmonic1-5,1,200,12,400.0000,406.1996,26.627,
b1440-i480,harmonic1-5,1,220,-12,110.0000,110.2953,4.641,
b1440-i480,harmonic1-5,1,220,-4,174.6141,175.4175,7.947,
b1440-i480,harmonic1-5,1,220,4,277.1826,280.3801,19.856,
b1440-i480,harmonic1-5,1,220,12,440.0000,443.0947,12.134,
b1440-i480,harmonic1-5,1,250,-12,125.0000,124.9117,-1.223,
b1440-i480,harmonic1-5,1,250,-4,198.4251,199.1303,6.141,
b1440-i480,harmonic1-5,1,250,4,314.9803,315.4514,2.587,
b1440-i480,harmonic1-5,1,250,12,500.0000,502.1809,7.535,
b1440-i480,harmonic1-5,1,300,-12,150.0000,149.6067,-4.545,
b1440-i480,harmonic1-5,1,300,-4,238.1102,237.6864,-3.084,
b1440-i480,harmonic1-5,1,300,4,377.9763,381.5568,16.322,
b1440-i480,harmonic1-5,1,300,12,600.0000,606.1206,17.571,
b1440-i480,harmonic1-5,1,400,-12,200.0000,199.5252,-4.115,
b1440-i480,harmonic1-5,1,400,-4,317.4802,318.3663,4.825,
b1440-i480,harmonic1-5,1,400,4,503.9684,506.3837,8.277,
b1440-i480,harmonic1-5,1,400,12,800.0000,805.7313,12.359,
b1440-i480,harmonic1-5,0,100,-12,50.0000,0.0000,0.000,
b1440-i480,harmonic1-5,0,100,-4,79.3701,0.0000,0.000,
b1440-i480,harmonic1-5,0,100,4,125.9921,0.0000,0.000,
b1440-i480,harmonic1-5,0,100,12,200.0000,202.0370,17.543,
b1440-i480,harmonic1-5,0,150,-12,75.0000,0.0000,0.000,
b1440-i480,harmonic1-5,0,150,-4,119.0551,119.8326,11.269,
b1440-i480,harmonic1-5,0,150,4,188.9882,190.5401,14.158,
b1440-i480,harmonic1-5,0,150,12,300.0000,302.6969,15.494,
b1440-i480,harmonic1-5,0,200,-12,100.0000,100.7957,13.721,
b1440-i480,harmonic1-5,0,200,-4,158.7401,160.4185,18.209,
b1440-i480,harmonic1-5,0,200,4,251.9842,254.1951,15.124,
b1440-i480,harmonic1-5,0,200,12,400.0000,401.7823,7.697,
b1440-i480,harmonic1-5,0,220,-12,110.0000,110.2021,3.177,
b1440-i480,harmonic1-5,0,220,-4,174.6141,175.7837,11.557,
b1440-i480,harmonic1-5,0,220,4,277.1826,279.2695,12.985,
b1440-i480,harmonic1-5,0,220,12,440.0000,440.0373,0.147,
b1440-i480,harmonic1-5,0,250,-12,125.0000,124.8832,-1.618,
b1440-i480,harmonic1-5,0,250,-4,198.4251,198.9774,4.812,
b1440-i480,harmonic1-5,0,250,4,314.9803,314.9383,-0.231,
b1440-i480,harmonic1-5,0,250,12,500.0000,500.4093,1.417,
b1440-i480,harmonic1-5,0,300,-12,150.0000,148.5512,-16.803,
b1440-i480,harmonic1-5,0,300,-4,238.1102,237.6559,-3.306,
b1440-i480,harmonic1-5,0,300,4,377.9763,380.3302,10.748,
b1440-i480,harmonic1-5,0,300,12,600.0000,602.4036,6.921,
b1440-i480,harmonic1-5,0,400,-12,200.0000,200.2718,2.352,
b1440-i480,harmonic1-5,0,400,-4,317.4802,318.5055,5.582,
b1440-i480,harmonic1-5,0,400,4,503.9684,505.6404,5.734,
b1440-i480,harmonic1-5,0,400,12,800.0000,802.1980,4.750,
b1920-i240,sine,1,100,-12,50.0000,0.0000,0.000,23.754
b1920-i240,sine,1,100,-4,79.3701,79.0108,-7.854,-7.822
b1920-i240,sine,1,100,4,125.9921,126.7600,10.520,10.355
b1920-i240,sine,1,100,12,200.0000,205.6241,48.011,47.496
b1920-i240,sine,1,150,-12,75.0000,76.4905,34.068,34.089
b1920-i240,sine,1,150,-4,119.0551,121.0449,28.696,28.751
b1920-i240,sine,1,150,4,188.9882,191.5157,23.000,22.929
b1920-i240,sine,1,150,12,300.0000,305.4879,31.383,31.087
b1920-i240,sine,1,200,-12,100.0000,102.2559,38.620,38.693
b1920-i240,sine,1,200,-4,158.7401,159.4007,7.189,7.189
b1920-i240,sine,1,200,4,251.9842,252.7850,5.493,5.459
b1920-i240,sine,1,200,12,400.0000,404.7243,20.327,20.250
b1920-i240,sine,1,220,-12,110.0000,110.2809,4.415,4.524
b1920-i240,sine,1,220,-4,174.6141,174.3830,-2.293,-2.252
b1920-i240,sine,1,220,4,277.1826,279.4584,14.156,14.102
b1920-i240,sine,1,220,12,440.0000,445.6878,22.236,22.132
b1920-i240,sine,1,250,-12,125.0000,127.8390,38.880,45.202
b1920-i240,sine,1,250,-4,198.4251,200.3941,17.094,17.071
b1920-i240,sine,1,250,4,314.9803,316.8821,10.422,10.234
b1920-i240,sine,1,250,12,500.0000,503.5001,12.077,12.051
b1920-i240,sine,1,300,-12,150.0000,152.1662,24.823,24.809
b1920-i240,sine,1,300,-4,238.1102,239.2688,8.404,8.456
b1920-i240,sine,1,300,4,377.9763,379.7810,8.246,8.053
b1920-i240,sine,1,300,12,600.0000,603.2476,9.345,9.105
b1920-i240,sine,1,400,-12,200.0000,202.1375,18.405,20.298
b1920-i240,sine,1,400,-4,317.4802,319.5483,11.241,11.182
b1920-i240,sine,1,400,4,503.9684,506.0417,7.107,6.923
b1920-i240,sine,1,400,12,800.0000,801.1558,2.499,2.192
b1920-i240,sine,0,100,-12,50.0000,0.0000,0.000,15.425
b1920-i240,sine,0,100,-4,79.3701,78.9881,-8.350,-8.312
b1920-i240,sine,0,100,4,125.9921,126.6401,8.881,8.500
b1920-i240,sine,0,100,12,200.0000,202.8080,24.138,23.567
b1920-i240,sine,0,150,-12,75.0000,76.0877,24.927,24.955
b1920-i240,sine,0,150,-4,119.0551,120.8244,25.539,25.275
b1920-i240,sine,0,150,4,188.9882,191.2109,20.243,20.199
b1920-i240,sine,0,150,12,300.0000,302.2097,12.705,12.544
b1920-i240,sine,0,200,-12,100.0000,101.7036,29.245,29.077
b1920-i240,sine,0,200,-4,158.7401,159.1788,4.778,4.644
b1920-i240,sine,0,200,4,251.9842,252.3742,2.677,2.625
b1920-i240,sine,0,200,12,400.0000,401.5582,6.731,6.597
b1920-i240,sine,0,220,-12,110.0000,109.6273,-5.876,-5.809
b1920-i240,sine,0,220,-4,174.6141,174.3374,-2.746,-2.712
b1920-i240,sine,0,220,4,277.1826,278.9090,10.749,10.574
b1920-i240,sine,0,220,12,440.0000,442.2747,8.927,8.823
b1920-i240,sine,0,250,-12,125.0000,127.1811,29.948,29.696
b1920-i240,sine,0,250,-4,198.4251,200.2489,15.840,15.709
b1920-i240,sine,0,250,4,314.9803,316.5234,8.461,8.323
b1920-i240,sine,0,250,12,500.0000,500.7862,2.720,2.591
b1920-i240,sine,0,300,-12,150.0000,151.2462,14.324,14.314
b1920-i240,sine,0,300,-4,238.1102,238.9147,5.840,5.798
b1920-i240,sine,0,300,4,377.9763,379.0506,4.914,4.782
b1920-i240,sine,0,300,12,600.0000,602.1097,6.077,5.950
b1920-i240,sine,0,400,-12,200.0000,201.0568,9.124,9.061
b1920-i240,sine,0,400,-4,317.4802,318.9951,8.241,8.233
b1920-i240,sine,0,400,4,503.9684,505.3857,4.862,4.713
b1920-i240,sine,0,400,12,800.0000,800.0702,0.152,-0.136
b1920-i240,harmonic1-5,1,100,-12,50.0000,0.0000,0.000,
b1920-i240,harmonic1-5,1,100,-4,79.3701,0.0000,0.000,
b1920-i240,harmonic1-5,1,100,4,125.9921,132.2071,83.359,
b1920-i240,harmonic1-5,1,100,12,200.0000,204.5025,38.542,
b1920-i240,harmonic1-5,1,150,-12,75.0000,74.6233,-8.718,
b1920-i240,harmonic1-5,1,150,-4,119.0551,119.2071,2.209,
b1920-i240,harmonic1-5,1,150,4,188.9882,192.2933,30.015,
b1920-i240,harmonic1-5,1,150,12,300.0000,305.5221,31.577,
b1920-i240,harmonic1-5,1,200,-12,100.0000,99.8611,-2.407,
b1920-i240,harmonic1-5,1,200,-4,158.7401,159.1046,3.971,
b1920-i240,harmonic1-5,1,200,4,251.9842,254.7347,18.795,
b1920-i240,harmonic1-5,1,200,12,400.0000,407.7684,33.300,
b1920-i240,harmonic1-5,1,220,-12,110.0000,108.9915,-15.946,
b1920-i240,harmonic1-5,1,220,-4,174.6141,175.6351,10.093,
b1920-i240,harmonic1-5,1,220,4,277.1826,279.7011,15.659,
b1920-i240,harmonic1-5,1,220,12,440.0000,448.0058,31.217,
b1920-i240,harmonic1-5,1,250,-12,125.0000,124.2936,-9.811,
b1920-i240,harmonic1-5,1,250,-4,198.4251,200.4666,17.720,
b1920-i240,harmonic1-5,1,250,4,314.9803,316.6237,9.010,
b1920-i240,harmonic1-5,1,250,12,500.0000,505.8305,20.071,
b1920-i240,harmonic1-5,1,300,-12,150.0000,149.6180,-4.414,
b1920-i240,harmonic1-5,1,300,-4,238.1102,238.2883,1.295,
b1920-i240,harmonic1-5,1,300,4,377.9763,379.6158,7.493,
b1920-i240,harmonic1-5,1,300,12,600.0000,604.2859,12.322,
b1920-i240,harmonic1-5,1,400,-12,200.0000,199.8355,-1.424,
b1920-i240,harmonic1-5,1,400,-4,317.4802,317.6640,1.002,
b1920-i240,harmonic1-5,1,400,4,503.9684,505.5301,5.356,
b1920-i240,harmonic1-5,1,400,12,800.0000,804.0927,8.834,
b1920-i240,harmonic1-5,0,100,-12,50.0000,0.0000,0.000,
b1920-i240,harmonic1-5,0,100,-4,79.3701,0.0000,0.000,
b1920-i240,harmonic1-5,0,100,4,125.9921,128.9518,40.198,
b1920-i240,harmonic1-5,0,100,12,200.0000,203.1357,26.932,
b1920-i240,harmonic1-5,0,150,-12,75.0000,74.4841,-11.950,
b1920-i240,harmonic1-5,0,150,-4,119.0551,119.1752,1.745,
b1920-i240,harmonic1-5,0,150,4,188.9882,189.7119,6.617,
b1920-i240,harmonic1-5,0,150,12,300.0000,301.9834,11.408,
b1920-i240,harmonic1-5,0,200,-12,100.0000,99.6223,-6.551,
b1920-i240,harmonic1-5,0,200,-4,158.7401,158.9482,2.268,
b1920-i240,harmonic1-5,0,200,4,251.9842,252.7741,5.418,
b1920-i240,harmonic1-5,0,200,12,400.0000,401.0522,4.548,
b1920-i240,harmonic1-5,0,220,-12,110.0000,108.4607,-24.397,
b1920-i240,harmonic1-5,0,220,-4,174.6141,174.8409,2.247,
b1920-i240,harmonic1-5,0,220,4,277.1826,277.6828,3.121,
b1920-i240,harmonic1-5,0,220,12,440.0000,441.5077,5.922,
b1920-i240,harmonic1-5,0,250,-12,125.0000,124.3242,-9.386,
b1920-i240,harmonic1-5,0,250,-4,198.4251,199.3056,7.665,
b1920-i240,harmonic1-5,0,250,4,314.9803,315.6755,3.817,
b1920-i240,harmonic1-5,0,250,12,500.0000,501.0879,3.763,
b1920-i240,harmonic1-5,0,300,-12,150.0000,149.2166,-9.065,
b1920-i240,harmonic1-5,0,300,-4,238.1102,238.2186,0.789,
b1920-i240,harmonic1-5,0,300,4,377.9763,378.8065,3.798,
b1920-i240,harmonic1-5,0,300,12,600.0000,601.1988,3.456,
b1920-i240,harmonic1-5,0,400,-12,200.0000,199.3827,-5.352,
b1920-i240,harmonic1-5,0,400,-4,317.4802,317.7204,1.309,
b1920-i240,harmonic1-5,0,400,4,503.9684,504.8366,2.980,
b1920-i240,harmonic1-5,0,400,12,800.0000,801.2356,2.672,
b2880-i480,sine,1,100,-12,50.0000,0.0000,0.000,56.209
b2880-i480,sine,1,100,-4,79.3701,81.1632,38.677,38.458
b2880-i480,sine,1,100,4,125.9921,128.0490,28.036,27.622
b2880-i480,sine,1,100,12,200.0000,203.7098,31.818,30.773
b2880-i480,sine,1,150,-12,75.0000,75.0793,1.830,2.304
b2880-i480,sine,1,150,-4,119.0551,119.0121,-0.625,-0.587
b2880-i480,sine,1,150,4,188.9882,190.8051,16.564,16.535
b2880-i480,sine,1,150,12,300.0000,303.3690,19.333,18.872
b2880-i480,sine,1,200,-12,100.0000,102.3901,40.891,40.607
b2880-i480,sine,1,200,-4,158.7401,159.9580,13.232,13.177
b2880-i480,sine,1,200,4,251.9842,252.8962,6.254,6.105
b2880-i480,sine,1,200,12,400.0000,401.8399,7.945,7.919
b2880-i480,sine,1,220,-12,110.0000,110.0324,0.510,0.403
b2880-i480,sine,1,220,-4,174.6141,174.2740,-3.375,-3.045
b2880-i480,sine,1,220,4,277.1826,279.5974,15.017,14.896
b2880-i480,sine,1,220,12,440.0000,443.1463,12.336,11.858
b2880-i480,sine,1,250,-12,125.0000,124.9088,-1.263,-1.365
b2880-i480,sine,1,250,-4,198.4251,200.3420,16.644,16.666
b2880-i480,sine,1,250,4,314.9803,315.4078,2.348,2.141
b2880-i480,sine,1,250,12,500.0000,500.3426,1.186,0.967
b2880-i480,sine,1,300,-12,150.0000,150.6239,7.186,7.603
b2880-i480,sine,1,300,-4,238.1102,237.8125,-2.165,-2.217
b2880-i480,sine,1,300,4,377.9763,378.3040,1.500,1.338
b2880-i480,sine,1,300,12,600.0000,603.5496,10.212,10.100
b2880-i480,sine,1,400,-12,200.0000,200.1039,0.899,0.830
b2880-i480,sine,1,400,-4,317.4802,319.4094,10.488,10.446
b2880-i480,sine,1,400,4,503.9684,506.1190,7.372,7.173
b2880-i480,sine,1,400,12,800.0000,803.4978,7.553,7.389
b2880-i480,sine,0,100,-12,50.0000,0.0000,0.000,39.489
b2880-i480,sine,0,100,-4,79.3701,81.0067,35.336,35.296
b2880-i480,sine,0,100,4,125.9921,127.8441,25.263,25.185
b2880-i480,sine,0,100,12,200.0000,201.4683,12.663,12.356
b2880-i480,sine,0,150,-12,75.0000,74.8426,-3.637,-3.780
b2880-i480,sine,0,150,-4,119.0551,119.0064,-0.708,-0.727
b2880-i480,sine,0,150,4,188.9882,190.3482,12.415,12.285
b2880-i480,sine,0,150,12,300.0000,301.4301,8.233,8.036
b2880-i480,sine,0,200,-12,100.0000,101.8000,30.886,30.754
b2880-i480,sine,0,200,-4,158.7401,159.6932,10.364,10.158
b2880-i480,sine,0,200,4,251.9842,252.4005,2.858,2.702
b2880-i480,sine,0,200,12,400.0000,400.7674,3.318,3.227
b2880-i480,sine,0,220,-12,110.0000,109.9484,-0.812,-0.713
b2880-i480,sine,0,220,-4,174.6141,174.2111,-4.000,-3.941
b2880-i480,sine,0,220,4,277.1826,279.3308,13.365,13.289
b2880-i480,sine,0,220,12,440.0000,441.6065,6.310,6.153
b2880-i480,sine,0,250,-12,125.0000,124.9276,-1.003,-1.057
b2880-i480,sine,0,250,-4,198.4251,200.1079,14.620,14.460
b2880-i480,sine,0,250,4,314.9803,315.1250,0.796,0.720
b2880-i480,sine,0,250,12,500.0000,500.1070,0.370,0.259
b2880-i480,sine,0,300,-12,150.0000,149.8788,-1.399,-1.332
b2880-i480,sine,0,300,-4,238.1102,237.8051,-2.219,-2.318
b2880-i480,sine,0,300,4,377.9763,378.2758,1.371,1.250
b2880-i480,sine,0,300,12,600.0000,601.4572,4.199,4.086
b2880-i480,sine,0,400,-12,200.0000,199.8426,-1.363,-1.365
b2880-i480,sine,0,400,-4,317.4802,319.1812,9.251,9.220
b2880-i480,sine,0,400,4,503.9684,505.6933,5.915,5.896
b2880-i480,sine,0,400,12,800.0000,801.5312,3.310,3.064
b2880-i480,harmonic1-5,1,100,-12,50.0000,0.0000,0.000,
b2880-i480,harmonic1-5,1,100,-4,79.3701,0.0000,0.000,
b2880-i480,harmonic1-5,1,100,4,125.9921,128.7101,36.950,
b2880-i480,harmonic1-5,1,100,12,200.0000,205.2416,44.788,
b2880-i480,harmonic1-5,1,150,-12,75.0000,74.8405,-3.686,
b2880-i480,harmonic1-5,1,150,-4,119.0551,118.9030,-2.214,
b2880-i480,harmonic1-5,1,150,4,188.9882,190.1621,10.720,
b2880-i480,harmonic1-5,1,150,12,300.0000,303.0293,17.394,
b2880-i480,harmonic1-5,1,200,-12,100.0000,99.7313,-4.659,
b2880-i480,harmonic1-5,1,200,-4,158.7401,158.9582,2.377,
b2880-i480,harmonic1-5,1,200,4,251.9842,252.9900,6.896,
b2880-i480,harmonic1-5,1,200,12,400.0000,402.1586,9.317,
b2880-i480,harmonic1-5,1,220,-12,110.0000,110.1857,2.920,
b2880-i480,harmonic1-5,1,220,-4,174.6141,174.4469,-1.659,
b2880-i480,harmonic1-5,1,220,4,277.1826,278.5221,8.346,
b2880-i480,harmonic1-5,1,220,12,440.0000,443.3095,12.973,
b2880-i480,harmonic1-5,1,250,-12,125.0000,124.9372,-0.869,
b2880-i480,harmonic1-5,1,250,-4,198.4251,198.7008,2.403,
b2880-i480,harmonic1-5,1,250,4,314.9803,315.8712,4.890,
b2880-i480,harmonic1-5,1,250,12,500.0000,501.4864,5.139,
b2880-i480,harmonic1-5,1,300,-12,150.0000,150.0701,0.809,
b2880-i480,harmonic1-5,1,300,-4,238.1102,237.9493,-1.170,
b2880-i480,harmonic1-5,1,300,4,377.9763,378.3252,1.597,
b2880-i480,harmonic1-5,1,300,12,600.0000,603.0639,8.818,
b2880-i480,harmonic1-5,1,400,-12,200.0000,199.9639,-0.313,
b2880-i480,harmonic1-5,1,400,-4,317.4802,317.8116,1.806,
b2880-i480,harmonic1-5,1,400,4,503.9684,505.1508,4.057,
b2880-i480,harmonic1-5,1,400,12,800.0000,802.4885,5.377,
b2880-i480,harmonic1-5,0,100,-12,50.0000,0.0000,0.000,
b2880-i480,harmonic1-5,0,100,-4,79.3701,80.1219,16.322,
b2880-i480,harmonic1-5,0,100,4,125.9921,126.6493,9.007,
b2880-i480,harmonic1-5,0,100,12,200.0000,201.2278,10.596,
b2880-i480,harmonic1-5,0,150,-12,75.0000,74.2289,-17.890,
b2880-i480,harmonic1-5,0,150,-4,119.0551,118.8593,-2.850,
b2880-i480,harmonic1-5,0,150,4,188.9882,189.6355,5.919,
b2880-i480,harmonic1-5,0,150,12,300.0000,300.6980,4.023,
b2880-i480,harmonic1-5,0,200,-12,100.0000,99.7269,-4.734,
b2880-i480,harmonic1-5,0,200,-4,158.7401,158.9793,2.606,
b2880-i480,harmonic1-5,0,200,4,251.9842,252.5247,3.710,
b2880-i480,harmonic1-5,0,200,12,400.0000,400.6538,2.827,
b2880-i480,harmonic1-5,0,220,-12,110.0000,110.0271,0.426,
b2880-i480,harmonic1-5,0,220,-4,174.6141,174.4334,-1.792,
b2880-i480,harmonic1-5,0,220,4,277.1826,277.9567,4.828,
b2880-i480,harmonic1-5,0,220,12,440.0000,440.9538,3.749,
b2880-i480,harmonic1-5,0,250,-12,125.0000,124.8160,-2.550,
b2880-i480,harmonic1-5,0,250,-4,198.4251,198.8211,3.451,
b2880-i480,harmonic1-5,0,250,4,314.9803,315.4564,2.615,
b2880-i480,harmonic1-5,0,250,12,500.0000,500.3449,1.194,
b2880-i480,harmonic1-5,0,300,-12,150.0000,149.6860,-3.627,
b2880-i480,harmonic1-5,0,300,-4,238.1102,237.9344,-1.278,
b2880-i480,harmonic1-5,0,300,4,377.9763,378.1905,0.981,
b2880-i480,harmonic1-5,0,300,12,600.0000,600.7509,2.165,
b2880-i480,harmonic1-5,0,400,-12,200.0000,199.7468,-2.194,
b2880-i480,harmonic1-5,0,400,-4,317.4802,317.9652,2.642,
b2880-i480,harmonic1-5,0,400,4,503.9684,504.6059,2.189,
b2880-i480,harmonic1-5,0,400,12,800.0000,800.7467,1.615,
b2880-i720,sine,1,100,-12,50.0000,0.0000,0.000,69.437
b2880-i720,sine,1,100,-4,79.3701,82.0720,57.955,57.864
b2880-i720,sine,1,100,4,125.9921,128.8558,38.909,38.745
b2880-i720,sine,1,100,12,200.0000,204.0164,34.422,34.200
b2880-i720,sine,1,150,-12,75.0000,74.6056,-9.128,-9.060
b2880-i720,sine,1,150,-4,119.0551,118.8737,-2.640,-2.708
b2880-i720,sine,1,150,4,188.9882,191.6505,24.218,23.702
b2880-i720,sine,1,150,12,300.0000,304.4347,25.405,25.214
b2880-i720,sine,1,200,-12,100.0000,102.0485,35.107,35.069
b2880-i720,sine,1,200,-4,158.7401,159.4712,7.956,7.902
b2880-i720,sine,1,200,4,251.9842,253.7289,11.946,11.715
b2880-i720,sine,1,200,12,400.0000,402.8877,12.453,12.200
b2880-i720,sine,1,220,-12,110.0000,110.4909,7.710,7.762
b2880-i720,sine,1,220,-4,174.6141,174.3620,-2.501,-2.687
b2880-i720,sine,1,220,4,277.1826,280.0894,18.060,18.110
b2880-i720,sine,1,220,12,440.0000,440.2375,0.934,0.572
b2880-i720,sine,1,250,-12,125.0000,124.9473,-0.730,-0.442
b2880-i720,sine,1,250,-4,198.4251,201.1762,23.838,23.727
b2880-i720,sine,1,250,4,314.9803,315.0754,0.523,0.362
b2880-i720,sine,1,250,12,500.0000,500.4027,1.394,1.260
b2880-i720,sine,1,300,-12,150.0000,152.1981,25.186,24.460
b2880-i720,sine,1,300,-4,238.1102,238.0359,-0.540,-0.463
b2880-i720,sine,1,300,4,377.9763,378.0563,0.366,0.211
b2880-i720,sine,1,300,12,600.0000,600.3742,1.079,0.457
b2880-i720,sine,1,400,-12,200.0000,199.5363,-4.019,-2.044
b2880-i720,sine,1,400,-4,317.4802,320.0931,14.190,14.191
b2880-i720,sine,1,400,4,503.9684,507.0156,10.436,10.432
b2880-i720,sine,1,400,12,800.0000,804.5731,9.868,9.544
b2880-i720,sine,0,100,-12,50.0000,0.0000,0.000,63.577
b2880-i720,sine,0,100,-4,79.3701,81.9193,54.729,54.454
b2880-i720,sine,0,100,4,125.9921,128.6717,36.434,35.883
b2880-i720,sine,0,100,12,200.0000,201.6793,14.476,13.958
b2880-i720,sine,0,150,-12,75.0000,74.3502,-15.065,-15.081
b2880-i720,sine,0,150,-4,119.0551,118.8716,-2.670,-2.855
b2880-i720,sine,0,150,4,188.9882,191.1936,20.086,19.978
b2880-i720,sine,0,150,12,300.0000,302.5977,14.926,14.677
b2880-i720,sine,0,200,-12,100.0000,101.2793,22.007,21.663
b2880-i720,sine,0,200,-4,158.7401,159.2337,5.375,5.329
b2880-i720,sine,0,200,4,251.9842,253.2152,8.437,8.151
b2880-i720,sine,0,200,12,400.0000,402.6385,11.382,11.233
b2880-i720,sine,0,220,-12,110.0000,110.4806,7.547,7.535
b2880-i720,sine,0,220,-4,174.6141,174.2983,-3.134,-3.367
b2880-i720,sine,0,220,4,277.1826,279.7701,16.086,16.119
b2880-i720,sine,0,220,12,440.0000,439.5085,-1.935,-2.068
b2880-i720,sine,0,250,-12,125.0000,124.9447,-0.767,-0.828
b2880-i720,sine,0,250,-4,198.4251,200.9363,21.772,21.761
b2880-i720,sine,0,250,4,314.9803,314.8304,-0.824,-0.920
b2880-i720,sine,0,250,12,500.0000,500.1187,0.411,0.351
b2880-i720,sine,0,300,-12,150.0000,151.0863,12.493,12.251
b2880-i720,sine,0,300,-4,238.1102,238.0150,-0.692,-0.615
b2880-i720,sine,0,300,4,377.9763,378.0488,0.332,0.249
b2880-i720,sine,0,300,12,600.0000,598.7922,-3.489,-3.558
b2880-i720,sine,0,400,-12,200.0000,199.2721,-6.313,-6.375
b2880-i720,sine,0,400,-4,317.4802,319.8890,13.085,12.844
b2880-i720,sine,0,400,4,503.9684,506.6212,9.089,9.083
b2880-i720,sine,0,400,12,800.0000,802.7007,5.835,5.569
b2880-i720,harmonic1-5,1,100,-12,50.0000,0.0000,0.000,
b2880-i720,harmonic1-5,1,100,-4,79.3701,80.8029,30.975,
b2880-i720,harmonic1-5,1,100,4,125.9921,127.6995,23.303,
b2880-i720,harmonic1-5,1,100,12,200.0000,204.0534,34.736,
b2880-i720,harmonic1-5,1,150,-12,75.0000,74.8815,-2.738,
b2880-i720,harmonic1-5,1,150,-4,119.0551,118.8795,-2.556,
b2880-i720,harmonic1-5,1,150,4,188.9882,190.3637,12.555,
b2880-i720,harmonic1-5,1,150,12,300.0000,302.7180,15.615,
b2880-i720,harmonic1-5,1,200,-12,100.0000,99.7605,-4.151,
b2880-i720,harmonic1-5,1,200,-4,158.7401,159.0807,3.711,
b2880-i720,harmonic1-5,1,200,4,251.9842,253.2014,8.342,
b2880-i720,harmonic1-5,1,200,12,400.0000,402.7371,11.806,
b2880-i720,harmonic1-5,1,220,-12,110.0000,110.3843,6.038,
b2880-i720,harmonic1-5,1,220,-4,174.6141,174.5271,-0.863,
b2880-i720,harmonic1-5,1,220,4,277.1826,278.6284,9.007,
b2880-i720,harmonic1-5,1,220,12,440.0000,440.9972,3.919,
b2880-i720,harmonic1-5,1,250,-12,125.0000,124.9448,-0.765,
b2880-i720,harmonic1-5,1,250,-4,198.4251,198.8987,4.127,
b2880-i720,harmonic1-5,1,250,4,314.9803,315.8054,4.530,
b2880-i720,harmonic1-5,1,250,12,500.0000,500.8712,3.014,
b2880-i720,harmonic1-5,1,300,-12,150.0000,150.1142,1.317,
b2880-i720,harmonic1-5,1,300,-4,238.1102,237.9134,-1.431,
b2880-i720,harmonic1-5,1,300,4,377.9763,378.1734,0.902,
b2880-i720,harmonic1-5,1,300,12,600.0000,601.4460,4.167,
b2880-i720,harmonic1-5,1,400,-12,200.0000,200.0641,0.554,
b2880-i720,harmonic1-5,1,400,-4,317.4802,317.9999,2.831,
b2880-i720,harmonic1-5,1,400,4,503.9684,505.4262,5.001,
b2880-i720,harmonic1-5,1,400,12,800.0000,801.9889,4.299,
b2880-i720,harmonic1-5,0,100,-12,50.0000,0.0000,0.000,
b2880-i720,harmonic1-5,0,100,-4,79.3701,80.5510,25.570,
b2880-i720,harmonic1-5,0,100,4,125.9921,126.9820,13.549,
b2880-i720,harmonic1-5,0,100,12,200.0000,201.1606,10.018,
b2880-i720,harmonic1-5,0,150,-12,75.0000,74.2717,-16.894,
b2880-i720,harmonic1-5,0,150,-4,119.0551,118.8585,-2.861,
b2880-i720,harmonic1-5,0,150,4,188.9882,189.8166,7.573,
b2880-i720,harmonic1-5,0,150,12,300.0000,300.8740,5.036,
b2880-i720,harmonic1-5,0,200,-12,100.0000,99.8278,-2.984,
b2880-i720,harmonic1-5,0,200,-4,158.7401,159.0893,3.805,
b2880-i720,harmonic1-5,0,200,4,251.9842,252.7279,5.102,
b2880-i720,harmonic1-5,0,200,12,400.0000,400.9563,4.134,
b2880-i720,harmonic1-5,0,220,-12,110.0000,110.3601,5.658,
b2880-i720,harmonic1-5,0,220,-4,174.6141,174.5349,-0.786,
b2880-i720,harmonic1-5,0,220,4,277.1826,277.9879,5.022,
b2880-i720,harmonic1-5,0,220,12,440.0000,440.0376,0.148,
b2880-i720,harmonic1-5,0,250,-12,125.0000,124.9079,-1.276,
b2880-i720,harmonic1-5,0,250,-4,198.4251,199.0904,5.795,
b2880-i720,harmonic1-5,0,250,4,314.9803,315.4431,2.542,
b2880-i720,harmonic1-5,0,250,12,500.0000,500.1806,0.625,
b2880-i720,harmonic1-5,0,300,-12,150.0000,149.9603,-0.458,
b2880-i720,harmonic1-5,0,300,-4,238.1102,237.9184,-1.395,
b2880-i720,harmonic1-5,0,300,4,377.9763,378.1332,0.719,
b2880-i720,harmonic1-5,0,300,12,600.0000,600.3588,1.035,
b2880-i720,harmonic1-5,0,400,-12,200.0000,199.8431,-1.359,
b2880-i720,harmonic1-5,0,400,-4,317.4802,318.2324,4.097,
b2880-i720,harmonic1-5,0,400,4,503.9684,504.7483,2.677,
b2880-i720,harmonic1-5,0,400,12,800.0000,800.8043,1.740,
