config,compensate_pitch,pitch_st,formant_st,env_latency_ms,level_diff_db
default,1,-12,-6,115,-1.762
default,1,-12,-3,126,-0.520
default,1,-12,0,123,0.672
default,1,-12,3,124,0.642
default,1,-12,6,117,1.470
default,1,-9,-6,121,-2.631
default,1,-9,-3,123,-1.745
default,1,-9,0,119,-0.426
default,1,-9,3,121,0.667
default,1,-9,6,121,0.732
default,1,-6,-6,122,-0.114
default,1,-6,-3,120,-2.602
default,1,-6,0,120,-1.685
default,1,-6,3,121,-0.350
default,1,-6,6,120,0.761
default,1,-4,-6,120,-3.502
default,1,-4,-3,120,-1.736
default,1,-4,0,122,-2.212
default,1,-4,3,121,-1.210
default,1,-4,6,121,-0.738
default,1,-2,-6,121,-4.479
default,1,-2,-3,121,-2.028
default,1,-2,0,121,-2.498
default,1,-2,3,122,-1.237
default,1,-2,6,121,-0.946
default,1,0,-6,120,-4.118
default,1,0,-3,120,-4.064
default,1,0,0,120,-0.000
default,1,0,3,120,-2.309
default,1,0,6,120,-1.281
default,1,2,-6,119,-4.659
default,1,2,-3,119,-4.576
default,1,2,0,119,-3.492
default,1,2,3,120,-1.714
default,1,2,6,120,-2.132
default,1,4,-6,120,-6.354
default,1,4,-3,119,-3.318
default,1,4,0,120,-4.543
default,1,4,3,118,-2.074
default,1,4,6,120,-2.548
default,1,6,-6,119,-5.529
default,1,6,-3,116,-5.635
default,1,6,0,118,-4.318
default,1,6,3,119,-4.271
default,1,6,6,120,-0.146
default,1,9,-6,119,-8.597
default,1,9,-3,118,-5.542
default,1,9,0,119,-5.656
default,1,9,3,120,-4.336
default,1,9,6,120,-4.321
default,1,12,-6,117,-6.548
default,1,12,-3,112,-8.607
default,1,12,0,120,-5.546
default,1,12,3,116,-5.682
default,1,12,6,122,-4.364
default,0,-12,-6,122,-4.292
default,0,-12,-3,122,-4.270
default,0,-12,0,120,-0.132
default,0,-12,3,115,-2.649
default,0,-12,6,115,-1.762
default,0,-9,-6,120,-4.324
default,0,-9,-3,120,-4.340
default,0,-9,0,120,-0.166
default,0,-9,3,121,-2.631
default,0,-9,6,123,-1.745
default,0,-6,-6,121,-4.290
default,0,-6,-3,119,-4.277
default,0,-6,0,122,-0.114
default,0,-6,3,120,-2.602
default,0,-6,6,120,-1.685
default,0,-4,-6,120,-4.265
default,0,-4,-3,121,-4.261
default,0,-4,0,121,-0.095
default,0,-4,3,119,-2.526
default,0,-4,6,121,-1.640
default,0,-2,-6,121,-4.235
default,0,-2,-3,121,-4.212
default,0,-2,0,120,-0.090
default,0,-2,3,122,-2.479
default,0,-2,6,122,-1.544
default,0,0,-6,120,-4.118
default,0,0,-3,120,-4.064
default,0,0,0,120,-0.000
default,0,0,3,120,-2.309
default,0,0,6,120,-1.281
default,0,2,-6,121,-4.287
default,0,2,-3,119,-4.237
default,0,2,0,119,-0.103
default,0,2,3,120,-2.475
default,0,2,6,120,-1.521
default,0,4,-6,120,-4.303
default,0,4,-3,120,-4.276
default,0,4,0,119,-0.136
default,0,4,3,121,-2.522
default,0,4,6,121,-1.619
default,0,6,-6,118,-4.318
default,0,6,-3,119,-4.271
default,0,6,0,120,-0.146
default,0,6,3,121,-2.556
default,0,6,6,120,-1.640
default,0,9,-6,120,-4.336
default,0,9,-3,120,-4.321
default,0,9,0,120,-0.183
default,0,9,3,119,-2.612
default,0,9,6,119,-1.695
default,0,12,-6,122,-4.364
default,0,12,-3,118,-4.371
default,0,12,0,119,-0.248
default,0,12,3,117,-2.701
default,0,12,6,118,-1.811
cheaper,1,-12,-6,139,-1.846
cheaper,1,-12,-3,136,-0.756
cheaper,1,-12,0,144,0.420
cheaper,1,-12,3,140,0.679
cheaper,1,-12,6,140,1.626
cheaper,1,-9,-6,139,-2.626
cheaper,1,-9,-3,142,-1.897
cheaper,1,-9,0,142,-0.701
cheaper,1,-9,3,140,0.454
cheaper,1,-9,6,142,0.725
cheaper,1,-6,-6,139,-0.195
cheaper,1,-6,-3,143,-2.576
cheaper,1,-6,0,142,-1.860
cheaper,1,-6,3,140,-0.671
cheaper,1,-6,6,141,0.470
cheaper,1,-4,-6,139,-3.676
cheaper,1,-4,-3,139,-1.943
cheaper,1,-4,0,141,-2.385
cheaper,1,-4,3,140,-1.650
cheaper,1,-4,6,141,-1.062
cheaper,1,-2,-6,141,-4.612
cheaper,1,-2,-3,140,-2.224
cheaper,1,-2,0,142,-2.672
cheaper,1,-2,3,141,-1.323
cheaper,1,-2,6,141,-1.446
cheaper,1,0,-6,140,-4.211
cheaper,1,0,-3,140,-4.122
cheaper,1,0,0,140,-0.000
cheaper,1,0,3,140,-2.324
cheaper,1,0,6,140,-1.453
cheaper,1,2,-6,140,-4.989
cheaper,1,2,-3,139,-4.826
cheaper,1,2,0,140,-3.702
cheaper,1,2,3,140,-1.942
cheaper,1,2,6,140,-2.358
cheaper,1,4,-6,140,-6.462
cheaper,1,4,-3,140,-3.517
cheaper,1,4,0,141,-4.698
cheaper,1,4,3,140,-2.354
cheaper,1,4,6,141,-2.808
cheaper,1,6,-6,141,-5.663
cheaper,1,6,-3,139,-5.916
cheaper,1,6,0,140,-4.546
cheaper,1,6,3,139,-4.515
cheaper,1,6,6,141,-0.299
cheaper,1,9,-6,141,-8.615
cheaper,1,9,-3,138,-5.632
cheaper,1,9,0,140,-5.886
cheaper,1,9,3,141,-4.533
cheaper,1,9,6,140,-4.513
cheaper,1,12,-6,142,-7.108
cheaper,1,12,-3,141,-8.607
cheaper,1,12,0,141,-5.613
cheaper,1,12,3,141,-5.855
cheaper,1,12,6,137,-4.492
cheaper,0,-12,-6,141,-4.572
cheaper,0,-12,-3,146,-4.308
cheaper,0,-12,0,138,-0.279
cheaper,0,-12,3,139,-2.589
cheaper,0,-12,6,139,-1.846
cheaper,0,-9,-6,140,-4.401
cheaper,0,-9,-3,141,-4.275
cheaper,0,-9,0,140,-0.222
cheaper,0,-9,3,139,-2.626
cheaper,0,-9,6,142,-1.897
cheaper,0,-6,-6,139,-4.439
cheaper,0,-6,-3,142,-4.355
cheaper,0,-6,0,139,-0.195
cheaper,0,-6,3,143,-2.576
cheaper,0,-6,6,142,-1.860
cheaper,0,-4,-6,140,-4.468
cheaper,0,-4,-3,140,-4.362
cheaper,0,-4,0,138,-0.218
cheaper,0,-4,3,139,-2.628
cheaper,0,-4,6,141,-1.835
cheaper,0,-2,-6,141,-4.421
cheaper,0,-2,-3,141,-4.342
cheaper,0,-2,0,140,-0.173
cheaper,0,-2,3,141,-2.590
cheaper,0,-2,6,141,-1.792
cheaper,0,0,-6,140,-4.211
cheaper,0,0,-3,140,-4.122
cheaper,0,0,0,140,-0.000
cheaper,0,0,3,140,-2.324
cheaper,0,0,6,140,-1.453
cheaper,0,2,-6,140,-4.495
cheaper,0,2,-3,140,-4.418
cheaper,0,2,0,139,-0.264
cheaper,0,2,3,140,-2.582
cheaper,0,2,6,140,-1.822
cheaper,0,4,-6,138,-4.480
cheaper,0,4,-3,139,-4.465
cheaper,0,4,0,141,-0.305
cheaper,0,4,3,141,-2.676
cheaper,0,4,6,141,-1.903
cheaper,0,6,-6,140,-4.546
cheaper,0,6,-3,139,-4.515
cheaper,0,6,0,141,-0.299
cheaper,0,6,3,138,-2.694
cheaper,0,6,6,140,-1.921
cheaper,0,9,-6,141,-4.533
cheaper,0,9,-3,140,-4.513
cheaper,0,9,0,139,-0.356
cheaper,0,9,3,141,-2.717
cheaper,0,9,6,140,-1.940
cheaper,0,12,-6,137,-4.492
cheaper,0,12,-3,142,-4.476
cheaper,0,12,0,137,-0.334
cheaper,0,12,3,141,-2.734
cheaper,0,12,6,140,-1.937
b960-i120,1,-12,-6,20,-2.235
b960-i120,1,-12,-3,20,-2.110
b960-i120,1,-12,0,20,-1.916
b960-i120,1,-12,3,19,-1.154
b960-i120,1,-12,6,19,0.120
b960-i120,1,-9,-6,20,-1.482
b960-i120,1,-9,-3,20,-2.069
b960-i120,1,-9,0,20,-1.900
b960-i120,1,-9,3,20,-1.447
b960-i120,1,-9,6,19,-0.666
b960-i120,1,-6,-6,20,-0.476
b960-i120,1,-6,-3,20,-1.221
b960-i120,1,-6,0,20,-1.864
b960-i120,1,-6,3,20,-1.917
b960-i120,1,-6,6,20,-1.652
b960-i120,1,-4,-6,20,-1.104
b960-i120,1,-4,-3,20,-0.590
b960-i120,1,-4,0,20,-1.367
b960-i120,1,-4,3,20,-1.670
b960-i120,1,-4,6,20,-1.481
b960-i120,1,-2,-6,20,-1.710
b960-i120,1,-2,-3,20,-0.574
b960-i120,1,-2,0,20,-0.618
b960-i120,1,-2,3,20,-1.147
b960-i120,1,-2,6,20,-0.986
b960-i120,1,0,-6,20,-1.944
b960-i120,1,0,-3,20,-1.040
b960-i120,1,0,0,20,-0.000
b960-i120,1,0,3,20,-0.487
b960-i120,1,0,6,20,-0.571
b960-i120,1,2,-6,20,-3.334
b960-i120,1,2,-3,20,-2.194
b960-i120,1,2,0,20,-1.040
b960-i120,1,2,3,20,-0.492
b960-i120,1,2,6,20,-1.225
b960-i120,1,4,-6,20,-4.530
b960-i120,1,4,-3,20,-3.141
b960-i120,1,4,0,20,-2.040
b960-i120,1,4,3,20,-0.786
b960-i120,1,4,6,20,-0.872
b960-i120,1,6,-6,20,-5.850
b960-i120,1,6,-3,20,-4.241
b960-i120,1,6,0,20,-2.847
b960-i120,1,6,3,20,-1.719
b960-i120,1,6,6,20,-0.506
b960-i120,1,9,-6,20,-7.820
b960-i120,1,9,-3,20,-6.212
b960-i120,1,9,0,20,-4.213
b960-i120,1,9,3,20,-3.035
b960-i120,1,9,6,20,-1.996
b960-i120,1,12,-6,20,-9.391
b960-i120,1,12,-3,20,-8.221
b960-i120,1,12,0,20,-6.728
b960-i120,1,12,3,20,-4.593
b960-i120,1,12,6,20,-3.064
b960-i120,0,-12,-6,20,-3.513
b960-i120,0,-12,-3,20,-2.091
b960-i120,0,-12,0,20,-0.946
b960-i120,0,-12,3,20,-1.693
b960-i120,0,-12,6,20,-2.235
b960-i120,0,-9,-6,20,-3.249
b960-i120,0,-9,-3,20,-1.909
b960-i120,0,-9,0,20,-0.744
b960-i120,0,-9,3,20,-1.482
b960-i120,0,-9,6,20,-2.069
b960-i120,0,-6,-6,20,-2.944
b960-i120,0,-6,-3,20,-1.659
b960-i120,0,-6,0,20,-0.476
b960-i120,0,-6,3,20,-1.221
b960-i120,0,-6,6,20,-1.864
b960-i120,0,-4,-6,20,-2.565
b960-i120,0,-4,-3,20,-1.509
b960-i120,0,-4,0,20,-0.397
b960-i120,0,-4,3,20,-1.103
b960-i120,0,-4,6,20,-1.661
b960-i120,0,-2,-6,20,-2.276
b960-i120,0,-2,-3,20,-1.316
b960-i120,0,-2,0,20,-0.225
b960-i120,0,-2,3,20,-0.825
b960-i120,0,-2,6,20,-1.175
b960-i120,0,0,-6,20,-1.944
b960-i120,0,0,-3,20,-1.040
b960-i120,0,0,0,20,-0.000
b960-i120,0,0,3,20,-0.487
b960-i120,0,0,6,20,-0.571
b960-i120,0,2,-6,20,-2.534
b960-i120,0,2,-3,20,-1.474
b960-i120,0,2,0,20,-0.283
b960-i120,0,2,3,20,-1.002
b960-i120,0,2,6,20,-1.424
b960-i120,0,4,-6,20,-2.720
b960-i120,0,4,-3,20,-1.603
b960-i120,0,4,0,20,-0.421
b960-i120,0,4,3,20,-1.176
b960-i120,0,4,6,20,-1.731
b960-i120,0,6,-6,20,-2.847
b960-i120,0,6,-3,20,-1.710
b960-i120,0,6,0,20,-0.504
b960-i120,0,6,3,20,-1.237
b960-i120,0,6,6,20,-1.717
b960-i120,0,9,-6,20,-3.033
b960-i120,0,9,-3,20,-2.000
b960-i120,0,9,0,20,-0.654
b960-i120,0,9,3,20,-1.341
b960-i120,0,9,6,20,-1.924
b960-i120,0,12,-6,20,-3.064
b960-i120,0,12,-3,20,-1.920
b960-i120,0,12,0,20,-0.733
b960-i120,0,12,3,20,-1.426
b960-i120,0,12,6,20,-2.018
b960-i240,1,-12,-6,20,-2.372
b960-i240,1,-12,-3,20,-2.116
b960-i240,1,-12,0,19,-1.659
b960-i240,1,-12,3,19,-0.807
b960-i240,1,-12,6,19,0.294
b960-i240,1,-9,-6,20,-2.014
b960-i240,1,-9,-3,20,-2.408
b960-i240,1,-9,0,20,-2.025
b960-i240,1,-9,3,20,-1.437
b960-i240,1,-9,6,19,-0.761
b960-i240,1,-6,-6,20,-0.491
b960-i240,1,-6,-3,20,-1.654
b960-i240,1,-6,0,20,-1.990
b960-i240,1,-6,3,20,-1.731
b960-i240,1,-6,6,20,-0.897
b960-i240,1,-4,-6,20,-1.697
b960-i240,1,-4,-3,20,-0.883
b960-i240,1,-4,0,20,-1.667
b960-i240,1,-4,3,20,-1.633
b960-i240,1,-4,6,20,-1.232
b960-i240,1,-2,-6,20,-2.245
b960-i240,1,-2,-3,20,-0.809
b960-i240,1,-2,0,20,-0.925
b960-i240,1,-2,3,20,-1.243
b960-i240,1,-2,6,20,-0.899
b960-i240,1,0,-6,20,-2.274
b960-i240,1,0,-3,20,-1.538
b960-i240,1,0,0,20,-0.000
b960-i240,1,0,3,20,-0.790
b960-i240,1,0,6,20,-0.596
b960-i240,1,2,-6,19,-3.703
b960-i240,1,2,-3,20,-2.742
b960-i240,1,2,0,20,-1.493
b960-i240,1,2,3,20,-0.682
b960-i240,1,2,6,20,-1.329
b960-i240,1,4,-6,19,-5.461
b960-i240,1,4,-3,19,-4.023
b960-i240,1,4,0,20,-2.937
b960-i240,1,4,3,20,-1.258
b960-i240,1,4,6,20,-1.259
b960-i240,1,6,-6,19,-6.708
b960-i240,1,6,-3,19,-5.183
b960-i240,1,6,0,20,-4.038
b960-i240,1,6,3,20,-2.611
b960-i240,1,6,6,20,-0.729
b960-i240,1,9,-6,19,-6.531
b960-i240,1,9,-3,19,-5.957
b960-i240,1,9,0,19,-4.404
b960-i240,1,9,3,19,-3.417
b960-i240,1,9,6,20,-2.368
b960-i240,1,12,-6,19,-6.843
b960-i240,1,12,-3,19,-6.287
b960-i240,1,12,0,19,-5.766
b960-i240,1,12,3,19,-4.385
b960-i240,1,12,6,20,-3.358
b960-i240,0,-12,-6,20,-4.420
b960-i240,0,-12,-3,20,-2.670
b960-i240,0,-12,0,20,-1.028
b960-i240,0,-12,3,20,-2.064
b960-i240,0,-12,6,20,-2.372
b960-i240,0,-9,-6,20,-4.111
b960-i240,0,-9,-3,20,-2.465
b960-i240,0,-9,0,20,-0.812
b960-i240,0,-9,3,20,-2.014
b960-i240,0,-9,6,20,-2.408
b960-i240,0,-6,-6,20,-3.391
b960-i240,0,-6,-3,20,-2.223
b960-i240,0,-6,0,20,-0.491
b960-i240,0,-6,3,20,-1.654
b960-i240,0,-6,6,20,-1.990
b960-i240,0,-4,-6,20,-3.164
b960-i240,0,-4,-3,20,-2.193
b960-i240,0,-4,0,20,-0.506
b960-i240,0,-4,3,20,-1.527
b960-i240,0,-4,6,20,-1.672
b960-i240,0,-2,-6,20,-2.650
b960-i240,0,-2,-3,20,-1.821
b960-i240,0,-2,0,20,-0.229
b960-i240,0,-2,3,20,-1.124
b960-i240,0,-2,6,20,-1.163
b960-i240,0,0,-6,20,-2.274
b960-i240,0,0,-3,20,-1.538
b960-i240,0,0,0,20,-0.000
b960-i240,0,0,3,20,-0.790
b960-i240,0,0,6,20,-0.596
b960-i240,0,2,-6,19,-2.973
b960-i240,0,2,-3,20,-1.978
b960-i240,0,2,0,20,-0.311
b960-i240,0,2,3,20,-1.187
b960-i240,0,2,6,20,-1.275
b960-i240,0,4,-6,19,-3.540
b960-i240,0,4,-3,20,-2.399
b960-i240,0,4,0,20,-0.604
b960-i240,0,4,3,20,-1.507
b960-i240,0,4,6,20,-1.722
b960-i240,0,6,-6,20,-4.038
b960-i240,0,6,-3,20,-2.614
b960-i240,0,6,0,20,-0.728
b960-i240,0,6,3,20,-1.724
b960-i240,0,6,6,20,-1.941
b960-i240,0,9,-6,20,-3.417
b960-i240,0,9,-3,20,-2.365
b960-i240,0,9,0,20,-0.598
b960-i240,0,9,3,20,-1.625
b960-i240,0,9,6,20,-1.838
b960-i240,0,12,-6,20,-3.358
b960-i240,0,12,-3,20,-2.308
b960-i240,0,12,0,20,-0.579
b960-i240,0,12,3,20,-1.591
b960-i240,0,12,6,20,-1.757
b960-i240-split,1,-12,-6,25,-2.372
b960-i240-split,1,-12,-3,25,-2.116
b960-i240-split,1,-12,0,24,-1.659
b960-i240-split,1,-12,3,24,-0.807
b960-i240-split,1,-12,6,24,0.294
b960-i240-split,1,-9,-6,25,-2.014
b960-i240-split,1,-9,-3,25,-2.408
b960-i240-split,1,-9,0,25,-2.025
b960-i240-split,1,-9,3,25,-1.437
b960-i240-split,1,-9,6,24,-0.761
b960-i240-split,1,-6,-6,25,-0.491
b960-i240-split,1,-6,-3,25,-1.654
b960-i240-split,1,-6,0,25,-1.990
b960-i240-split,1,-6,3,25,-1.731
b960-i240-split,1,-6,6,25,-0.897
b960-i240-split,1,-4,-6,25,-1.697
b960-i240-split,1,-4,-3,25,-0.883
b960-i240-split,1,-4,0,25,-1.667
b960-i240-split,1,-4,3,25,-1.633
b960-i240-split,1,-4,6,25,-1.232
b960-i240-split,1,-2,-6,25,-2.245
b960-i240-split,1,-2,-3,25,-0.809
b960-i240-split,1,-2,0,25,-0.925
b960-i240-split,1,-2,3,25,-1.243
b960-i240-split,1,-2,6,25,-0.899
b960-i240-split,1,0,-6,25,-2.274
b960-i240-split,1,0,-3,25,-1.538
b960-i240-split,1,0,0,25,-0.000
b960-i240-split,1,0,3,25,-0.790
b960-i240-split,1,0,6,25,-0.596
b960-i240-split,1,2,-6,24,-3.703
b960-i240-split,1,2,-3,25,-2.742
b960-i240-split,1,2,0,25,-1.493
b960-i240-split,1,2,3,25,-0.682
b960-i240-split,1,2,6,25,-1.329
b960-i240-split,1,4,-6,24,-5.461
b960-i240-split,1,4,-3,24,-4.023
b960-i240-split,1,4,0,25,-2.937
b960-i240-split,1,4,3,25,-1.258
b960-i240-split,1,4,6,25,-1.259
b960-i240-split,1,6,-6,24,-6.708
b960-i240-split,1,6,-3,24,-5.183
b960-i240-split,1,6,0,25,-4.038
b960-i240-split,1,6,3,25,-2.611
b960-i240-split,1,6,6,25,-0.729
b960-i240-split,1,9,-6,24,-6.531
b960-i240-split,1,9,-3,24,-5.957
b960-i240-split,1,9,0,24,-4.404
b960-i240-split,1,9,3,24,-3.417
b960-i240-split,1,9,6,25,-2.368
b960-i240-split,1,12,-6,24,-6.843
b960-i240-split,1,12,-3,24,-6.287
b960-i240-split,1,12,0,24,-5.766
b960-i240-split,1,12,3,24,-4.385
b960-i240-split,1,12,6,25,-3.358
b960-i240-split,0,-12,-6,25,-4.420
b960-i240-split,0,-12,-3,25,-2.670
b960-i240-split,0,-12,0,25,-1.028
b960-i240-split,0,-12,3,25,-2.064
b960-i240-split,0,-12,6,25,-2.372
b960-i240-split,0,-9,-6,25,-4.111
b960-i240-split,0,-9,-3,25,-2.465
b960-i240-split,0,-9,0,25,-0.812
b960-i240-split,0,-9,3,25,-2.014
b960-i240-split,0,-9,6,25,-2.408
b960-i240-split,0,-6,-6,25,-3.391
b960-i240-split,0,-6,-3,25,-2.223
b960-i240-split,0,-6,0,25,-0.491
b960-i240-split,0,-6,3,25,-1.654
b960-i240-split,0,-6,6,25,-1.990
b960-i240-split,0,-4,-6,25,-3.164
b960-i240-split,0,-4,-3,25,-2.193
b960-i240-split,0,-4,0,25,-0.506
b960-i240-split,0,-4,3,25,-1.527
b960-i240-split,0,-4,6,25,-1.672
b960-i240-split,0,-2,-6,25,-2.650
b960-i240-split,0,-2,-3,25,-1.821
b960-i240-split,0,-2,0,25,-0.229
b960-i240-split,0,-2,3,25,-1.124
b960-i240-split,0,-2,6,25,-1.163
b960-i240-split,0,0,-6,25,-2.274
b960-i240-split,0,0,-3,25,-1.538
b960-i240-split,0,0,0,25,-0.000
b960-i240-split,0,0,3,25,-0.790
b960-i240-split,0,0,6,25,-0.596
b960-i240-split,0,2,-6,24,-2.973
b960-i240-split,0,2,-3,25,-1.978
b960-i240-split,0,2,0,25,-0.311
b960-i240-split,0,2,3,25,-1.187
b960-i240-split,0,2,6,25,-1.275
b960-i240-split,0,4,-6,24,-3.540
b960-i240-split,0,4,-3,25,-2.399
b960-i240-split,0,4,0,25,-0.604
b960-i240-split,0,4,3,25,-1.507
b960-i240-split,0,4,6,25,-1.722
b960-i240-split,0,6,-6,25,-4.038
b960-i240-split,0,6,-3,25,-2.614
b960-i240-split,0,6,0,25,-0.728
b960-i240-split,0,6,3,25,-1.724
b960-i240-split,0,6,6,25,-1.941
b960-i240-split,0,9,-6,25,-3.417
b960-i240-split,0,9,-3,25,-2.365
b960-i240-split,0,9,0,25,-0.598
b960-i240-split,0,9,3,25,-1.625
b960-i240-split,0,9,6,25,-1.838
b960-i240-split,0,12,-6,25,-3.358
b960-i240-split,0,12,-3,25,-2.308
b960-i240-split,0,12,0,25,-0.579
b960-i240-split,0,12,3,25,-1.591
b960-i240-split,0,12,6,25,-1.757
b1440-i240,1,-12,-6,30,-2.144
b1440-i240,1,-12,-3,29,-1.754
b1440-i240,1,-12,0,29,-1.045
b1440-i240,1,-12,3,29,-0.605
b1440-i240,1,-12,6,29,0.059
b1440-i240,1,-9,-6,30,-2.677
b1440-i240,1,-9,-3,30,-2.500
b1440-i240,1,-9,0,30,-1.936
b1440-i240,1,-9,3,29,-1.797
b1440-i240,1,-9,6,29,-1.450
b1440-i240,1,-6,-6,30,-0.503
b1440-i240,1,-6,-3,30,-2.553
b1440-i240,1,-6,0,30,-1.890
b1440-i240,1,-6,3,30,-1.514
b1440-i240,1,-6,6,30,-0.947
b1440-i240,1,-4,-6,30,-2.613
b1440-i240,1,-4,-3,30,-1.000
b1440-i240,1,-4,0,30,-2.387
b1440-i240,1,-4,3,30,-1.179
b1440-i240,1,-4,6,30,-1.471
b1440-i240,1,-2,-6,30,-3.595
b1440-i240,1,-2,-3,30,-1.205
b1440-i240,1,-2,0,30,-1.674
b1440-i240,1,-2,3,30,-1.020
b1440-i240,1,-2,6,30,-0.437
b1440-i240,1,0,-6,30,-2.967
b1440-i240,1,0,-3,30,-2.913
b1440-i240,1,0,0,30,-0.000
b1440-i240,1,0,3,30,-1.444
b1440-i240,1,0,6,30,-0.372
b1440-i240,1,2,-6,29,-4.271
b1440-i240,1,2,-3,29,-3.267
b1440-i240,1,2,0,30,-2.662
b1440-i240,1,2,3,30,-0.853
b1440-i240,1,2,6,30,-1.338
b1440-i240,1,4,-6,29,-6.688
b1440-i240,1,4,-3,29,-4.960
b1440-i240,1,4,0,30,-3.891
b1440-i240,1,4,3,30,-1.833
b1440-i240,1,4,6,30,-1.845
b1440-i240,1,6,-6,30,-7.480
b1440-i240,1,6,-3,29,-5.576
b1440-i240,1,6,0,29,-4.857
b1440-i240,1,6,3,30,-3.789
b1440-i240,1,6,6,30,-0.620
b1440-i240,1,9,-6,30,-7.297
b1440-i240,1,9,-3,30,-6.642
b1440-i240,1,9,0,30,-4.980
b1440-i240,1,9,3,30,-4.011
b1440-i240,1,9,6,30,-3.668
b1440-i240,1,12,-6,30,-7.311
b1440-i240,1,12,-3,30,-6.840
b1440-i240,1,12,0,30,-6.224
b1440-i240,1,12,3,30,-5.053
b1440-i240,1,12,6,30,-3.853
b1440-i240,0,-12,-6,30,-4.579
b1440-i240,0,-12,-3,30,-3.302
b1440-i240,0,-12,0,30,-0.596
b1440-i240,0,-12,3,30,-2.309
b1440-i240,0,-12,6,30,-2.144
b1440-i240,0,-9,-6,30,-4.618
b1440-i240,0,-9,-3,30,-3.461
b1440-i240,0,-9,0,30,-0.693
b1440-i240,0,-9,3,30,-2.676
b1440-i240,0,-9,6,30,-2.500
b1440-i240,0,-6,-6,30,-4.360
b1440-i240,0,-6,-3,30,-3.540
b1440-i240,0,-6,0,30,-0.503
b1440-i240,0,-6,3,30,-2.553
b1440-i240,0,-6,6,30,-1.890
b1440-i240,0,-4,-6,30,-4.249
b1440-i240,0,-4,-3,30,-3.432
b1440-i240,0,-4,0,30,-0.506
b1440-i240,0,-4,3,30,-2.270
b1440-i240,0,-4,6,30,-1.443
b1440-i240,0,-2,-6,30,-3.505
b1440-i240,0,-2,-3,30,-3.238
b1440-i240,0,-2,0,30,-0.300
b1440-i240,0,-2,3,30,-1.928
b1440-i240,0,-2,6,30,-0.793
b1440-i240,0,0,-6,30,-2.967
b1440-i240,0,0,-3,30,-2.913
b1440-i240,0,0,0,30,-0.000
b1440-i240,0,0,3,30,-1.444
b1440-i240,0,0,6,30,-0.372
b1440-i240,0,2,-6,29,-3.252
b1440-i240,0,2,-3,30,-3.396
b1440-i240,0,2,0,30,-0.325
b1440-i240,0,2,3,30,-1.668
b1440-i240,0,2,6,30,-1.118
b1440-i240,0,4,-6,29,-4.229
b1440-i240,0,4,-3,30,-3.831
b1440-i240,0,4,0,30,-0.686
b1440-i240,0,4,3,30,-2.020
b1440-i240,0,4,6,30,-1.531
b1440-i240,0,6,-6,29,-4.857
b1440-i240,0,6,-3,30,-3.794
b1440-i240,0,6,0,30,-0.620
b1440-i240,0,6,3,30,-2.247
b1440-i240,0,6,6,30,-1.870
b1440-i240,0,9,-6,30,-3.989
b1440-i240,0,9,-3,30,-3.663
b1440-i240,0,9,0,30,-0.508
b1440-i240,0,9,3,30,-2.163
b1440-i240,0,9,6,30,-1.734
b1440-i240,0,12,-6,30,-3.853
b1440-i240,0,12,-3,30,-3.632
b1440-i240,0,12,0,30,-0.499
b1440-i240,0,12,3,30,-2.080
b1440-i240,0,12,6,30,-1.776
b1440-i360,1,-12,-6,30,-2.737
b1440-i360,1,-12,-3,29,-1.021
b1440-i360,1,-12,0,29,-1.113
b1440-i360,1,-12,3,29,-0.009
b1440-i360,1,-12,6,29,0.489
b1440-i360,1,-9,-6,30,-3.192
b1440-i360,1,-9,-3,30,-3.127
b1440-i360,1,-9,0,29,-2.004
b1440-i360,1,-9,3,29,-2.036
b1440-i360,1,-9,6,29,-0.746
b1440-i360,1,-6,-6,30,-0.837
b1440-i360,1,-6,-3,30,-3.393
b1440-i360,1,-6,0,30,-2.495
b1440-i360,1,-6,3,30,-1.870
b1440-i360,1,-6,6,29,-1.303
b1440-i360,1,-4,-6,31,-3.176
b1440-i360,1,-4,-3,30,-1.420
b1440-i360,1,-4,0,30,-3.209
b1440-i360,1,-4,3,30,-1.775
b1440-i360,1,-4,6,30,-1.938
b1440-i360,1,-2,-6,30,-4.327
b1440-i360,1,-2,-3,31,-1.581
b1440-i360,1,-2,0,30,-2.297
b1440-i360,1,-2,3,30,-1.756
b1440-i360,1,-2,6,30,-1.335
b1440-i360,1,0,-6,30,-3.290
b1440-i360,1,0,-3,30,-3.439
b1440-i360,1,0,0,30,-0.000
b1440-i360,1,0,3,30,-1.919
b1440-i360,1,0,6,30,-0.761
b1440-i360,1,2,-6,29,-4.506
b1440-i360,1,2,-3,29,-4.224
b1440-i360,1,2,0,29,-3.281
b1440-i360,1,2,3,30,-1.274
b1440-i360,1,2,6,30,-1.840
b1440-i360,1,4,-6,29,-6.469
b1440-i360,1,4,-3,29,-4.639
b1440-i360,1,4,0,29,-4.545
b1440-i360,1,4,3,29,-2.013
b1440-i360,1,4,6,30,-2.352
b1440-i360,1,6,-6,29,-6.599
b1440-i360,1,6,-3,29,-5.247
b1440-i360,1,6,0,29,-4.265
b1440-i360,1,6,3,29,-4.108
b1440-i360,1,6,6,30,-0.515
b1440-i360,1,9,-6,29,-6.631
b1440-i360,1,9,-3,28,-6.067
b1440-i360,1,9,0,29,-5.039
b1440-i360,1,9,3,29,-3.861
b1440-i360,1,9,6,29,-4.012
b1440-i360,1,12,-6,28,-6.711
b1440-i360,1,12,-3,29,-6.763
b1440-i360,1,12,0,29,-6.108
b1440-i360,1,12,3,29,-5.064
b1440-i360,1,12,6,29,-3.801
b1440-i360,0,-12,-6,30,-5.433
b1440-i360,0,-12,-3,30,-3.843
b1440-i360,0,-12,0,30,-0.600
b1440-i360,0,-12,3,30,-2.809
b1440-i360,0,-12,6,30,-2.737
b1440-i360,0,-9,-6,30,-5.829
b1440-i360,0,-9,-3,30,-4.179
b1440-i360,0,-9,0,30,-0.744
b1440-i360,0,-9,3,30,-3.192
b1440-i360,0,-9,6,30,-3.127
b1440-i360,0,-6,-6,30,-5.883
b1440-i360,0,-6,-3,30,-4.495
b1440-i360,0,-6,0,30,-0.837
b1440-i360,0,-6,3,30,-3.393
b1440-i360,0,-6,6,30,-2.495
b1440-i360,0,-4,-6,30,-5.165
b1440-i360,0,-4,-3,31,-4.272
b1440-i360,0,-4,0,30,-0.648
b1440-i360,0,-4,3,30,-3.231
b1440-i360,0,-4,6,30,-2.108
b1440-i360,0,-2,-6,30,-4.273
b1440-i360,0,-2,-3,30,-3.956
b1440-i360,0,-2,0,30,-0.358
b1440-i360,0,-2,3,30,-2.623
b1440-i360,0,-2,6,30,-1.441
b1440-i360,0,0,-6,30,-3.290
b1440-i360,0,0,-3,30,-3.439
b1440-i360,0,0,0,30,-0.000
b1440-i360,0,0,3,30,-1.919
b1440-i360,0,0,6,30,-0.761
b1440-i360,0,2,-6,29,-4.192
b1440-i360,0,2,-3,29,-4.211
b1440-i360,0,2,0,30,-0.408
b1440-i360,0,2,3,30,-2.298
b1440-i360,0,2,6,29,-1.611
b1440-i360,0,4,-6,29,-4.458
b1440-i360,0,4,-3,29,-4.429
b1440-i360,0,4,0,29,-0.624
b1440-i360,0,4,3,30,-2.533
b1440-i360,0,4,6,29,-2.091
b1440-i360,0,6,-6,29,-4.265
b1440-i360,0,6,-3,29,-4.114
b1440-i360,0,6,0,30,-0.515
b1440-i360,0,6,3,30,-2.413
b1440-i360,0,6,6,29,-1.834
b1440-i360,0,9,-6,29,-3.854
b1440-i360,0,9,-3,29,-4.016
b1440-i360,0,9,0,30,-0.453
b1440-i360,0,9,3,30,-2.318
b1440-i360,0,9,6,29,-1.691
b1440-i360,0,12,-6,29,-3.801
b1440-i360,0,12,-3,30,-4.026
b1440-i360,0,12,0,29,-0.441
b1440-i360,0,12,3,30,-2.321
b1440-i360,0,12,6,29,-1.697
b1440-i480,1,-12,-6,29,-2.547
b1440-i480,1,-12,-3,29,-1.505
b1440-i480,1,-12,0,29,-0.897
b1440-i480,1,-12,3,28,-0.281
b1440-i480,1,-12,6,29,0.467
b1440-i480,1,-9,-6,30,-3.334
b1440-i480,1,-9,-3,30,-3.221
b1440-i480,1,-9,0,29,-1.857
b1440-i480,1,-9,3,29,-1.028
b1440-i480,1,-9,6,29,-0.400
b1440-i480,1,-6,-6,31,-0.607
b1440-i480,1,-6,-3,30,-3.319
b1440-i480,1,-6,0,30,-2.780
b1440-i480,1,-6,3,29,-1.461
b1440-i480,1,-6,6,29,-0.797
b1440-i480,1,-4,-6,31,-3.361
b1440-i480,1,-4,-3,30,-1.402
b1440-i480,1,-4,0,30,-3.101
b1440-i480,1,-4,3,30,-2.159
b1440-i480,1,-4,6,29,-1.894
b1440-i480,1,-2,-6,31,-4.511
b1440-i480,1,-2,-3,31,-1.770
b1440-i480,1,-2,0,30,-2.435
b1440-i480,1,-2,3,30,-1.757
b1440-i480,1,-2,6,30,-1.501
b1440-i480,1,0,-6,30,-3.358
b1440-i480,1,0,-3,30,-3.642
b1440-i480,1,0,0,30,-0.000
b1440-i480,1,0,3,30,-2.104
b1440-i480,1,0,6,30,-0.972
b1440-i480,1,2,-6,28,-4.442
b1440-i480,1,2,-3,28,-4.552
b1440-i480,1,2,0,29,-3.405
b1440-i480,1,2,3,29,-1.450
b1440-i480,1,2,6,29,-2.142
b1440-i480,1,4,-6,28,-5.810
b1440-i480,1,4,-3,28,-4.033
b1440-i480,1,4,0,29,-4.482
b1440-i480,1,4,3,29,-2.025
b1440-i480,1,4,6,29,-2.389
b1440-i480,1,6,-6,29,-6.000
b1440-i480,1,6,-3,28,-5.097
b1440-i480,1,6,0,28,-3.767
b1440-i480,1,6,3,29,-4.107
b1440-i480,1,6,6,29,-0.472
b1440-i480,1,9,-6,28,-6.884
b1440-i480,1,9,-3,29,-6.006
b1440-i480,1,9,0,28,-5.186
b1440-i480,1,9,3,28,-3.924
b1440-i480,1,9,6,29,-4.208
b1440-i480,1,12,-6,29,-6.715
b1440-i480,1,12,-3,27,-6.984
b1440-i480,1,12,0,29,-6.111
b1440-i480,1,12,3,29,-5.251
b1440-i480,1,12,6,29,-3.950
b1440-i480,0,-12,-6,30,-5.879
b1440-i480,0,-12,-3,30,-4.483
b1440-i480,0,-12,0,30,-0.627
b1440-i480,0,-12,3,30,-3.074
b1440-i480,0,-12,6,29,-2.547
b1440-i480,0,-9,-6,29,-5.796
b1440-i480,0,-9,-3,30,-4.641
b1440-i480,0,-9,0,30,-0.765
b1440-i480,0,-9,3,30,-3.334
b1440-i480,0,-9,6,30,-3.221
b1440-i480,0,-6,-6,30,-5.371
b1440-i480,0,-6,-3,31,-4.639
b1440-i480,0,-6,0,31,-0.607
b1440-i480,0,-6,3,30,-3.319
b1440-i480,0,-6,6,30,-2.780
b1440-i480,0,-4,-6,30,-4.530
b1440-i480,0,-4,-3,30,-4.351
b1440-i480,0,-4,0,31,-0.508
b1440-i480,0,-4,3,30,-3.255
b1440-i480,0,-4,6,30,-2.401
b1440-i480,0,-2,-6,30,-4.114
b1440-i480,0,-2,-3,31,-4.205
b1440-i480,0,-2,0,31,-0.332
b1440-i480,0,-2,3,30,-2.718
b1440-i480,0,-2,6,30,-1.563
b1440-i480,0,0,-6,30,-3.358
b1440-i480,0,0,-3,30,-3.642
b1440-i480,0,0,0,30,-0.000
b1440-i480,0,0,3,30,-2.104
b1440-i480,0,0,6,30,-0.972
b1440-i480,0,2,-6,28,-4.218
b1440-i480,0,2,-3,29,-4.245
b1440-i480,0,2,0,29,-0.406
b1440-i480,0,2,3,29,-2.543
b1440-i480,0,2,6,29,-1.847
b1440-i480,0,4,-6,28,-3.970
b1440-i480,0,4,-3,29,-4.275
b1440-i480,0,4,0,30,-0.496
b1440-i480,0,4,3,29,-2.640
b1440-i480,0,4,6,29,-1.843
b1440-i480,0,6,-6,28,-3.767
b1440-i480,0,6,-3,29,-4.107
b1440-i480,0,6,0,29,-0.472
b1440-i480,0,6,3,29,-2.530
b1440-i480,0,6,6,29,-1.798
b1440-i480,0,9,-6,28,-3.924
b1440-i480,0,9,-3,29,-4.209
b1440-i480,0,9,0,29,-0.531
b1440-i480,0,9,3,29,-2.645
b1440-i480,0,9,6,29,-1.747
b1440-i480,0,12,-6,29,-3.950
b1440-i480,0,12,-3,29,-4.254
b1440-i480,0,12,0,29,-0.526
b1440-i480,0,12,3,30,-2.662
b1440-i480,0,12,6,29,-1.800
b1440-i240-split,1,-12,-6,35,-2.144
b1440-i240-split,1,-12,-3,34,-1.754
b1440-i240-split,1,-12,0,34,-1.045
b1440-i240-split,1,-12,3,34,-0.605
b1440-i240-split,1,-12,6,34,0.059
b1440-i240-split,1,-9,-6,35,-2.677
b1440-i240-split,1,-9,-3,35,-2.500
b1440-i240-split,1,-9,0,35,-1.936
b1440-i240-split,1,-9,3,34,-1.797
b1440-i240-split,1,-9,6,34,-1.450
b1440-i240-split,1,-6,-6,35,-0.503
b1440-i240-split,1,-6,-3,35,-2.553
b1440-i240-split,1,-6,0,35,-1.890
b1440-i240-split,1,-6,3,35,-1.514
b1440-i240-split,1,-6,6,35,-0.947
b1440-i240-split,1,-4,-6,35,-2.613
b1440-i240-split,1,-4,-3,35,-1.000
b1440-i240-split,1,-4,0,35,-2.387
b1440-i240-split,1,-4,3,35,-1.179
b1440-i240-split,1,-4,6,35,-1.471
b1440-i240-split,1,-2,-6,35,-3.595
b1440-i240-split,1,-2,-3,35,-1.205
b1440-i240-split,1,-2,0,35,-1.674
b1440-i240-split,1,-2,3,35,-1.020
b1440-i240-split,1,-2,6,35,-0.437
b1440-i240-split,1,0,-6,35,-2.967
b1440-i240-split,1,0,-3,35,-2.913
b1440-i240-split,1,0,0,35,-0.000
b1440-i240-split,1,0,3,35,-1.444
b1440-i240-split,1,0,6,35,-0.372
b1440-i240-split,1,2,-6,34,-4.271
b1440-i240-split,1,2,-3,34,-3.267
b1440-i240-split,1,2,0,35,-2.662
b1440-i240-split,1,2,3,35,-0.853
b1440-i240-split,1,2,6,35,-1.338
b1440-i240-split,1,4,-6,34,-6.688
b1440-i240-split,1,4,-3,34,-4.960
b1440-i240-split,1,4,0,35,-3.891
b1440-i240-split,1,4,3,35,-1.833
b1440-i240-split,1,4,6,35,-1.845
b1440-i240-split,1,6,-6,35,-7.480
b1440-i240-split,1,6,-3,34,-5.576
b1440-i240-split,1,6,0,34,-4.857
b1440-i240-split,1,6,3,35,-3.789
b1440-i240-split,1,6,6,35,-0.620
b1440-i240-split,1,9,-6,35,-7.297
b1440-i240-split,1,9,-3,35,-6.642
b1440-i240-split,1,9,0,35,-4.980
b1440-i240-split,1,9,3,35,-4.011
b1440-i240-split,1,9,6,35,-3.668
b1440-i240-split,1,12,-6,35,-7.311
b1440-i240-split,1,12,-3,35,-6.840
b1440-i240-split,1,12,0,35,-6.224
b1440-i240-split,1,12,3,35,-5.053
b1440-i240-split,1,12,6,35,-3.853
b1440-i240-split,0,-12,-6,35,-4.579
b1440-i240-split,0,-12,-3,35,-3.302
b1440-i240-split,0,-12,0,35,-0.596
b1440-i240-split,0,-12,3,35,-2.309
b1440-i240-split,0,-12,6,35,-2.144
b1440-i240-split,0,-9,-6,35,-4.618
b1440-i240-split,0,-9,-3,35,-3.461
b1440-i240-split,0,-9,0,35,-0.693
b1440-i240-split,0,-9,3,35,-2.676
b1440-i240-split,0,-9,6,35,-2.500
b1440-i240-split,0,-6,-6,35,-4.360
b1440-i240-split,0,-6,-3,35,-3.540
b1440-i240-split,0,-6,0,35,-0.503
b1440-i240-split,0,-6,3,35,-2.553
b1440-i240-split,0,-6,6,35,-1.890
b1440-i240-split,0,-4,-6,35,-4.249
b1440-i240-split,0,-4,-3,35,-3.432
b1440-i240-split,0,-4,0,35,-0.506
b1440-i240-split,0,-4,3,35,-2.270
b1440-i240-split,0,-4,6,35,-1.443
b1440-i240-split,0,-2,-6,35,-3.505
b1440-i240-split,0,-2,-3,35,-3.238
b1440-i240-split,0,-2,0,35,-0.300
b1440-i240-split,0,-2,3,35,-1.928
b1440-i240-split,0,-2,6,35,-0.793
b1440-i240-split,0,0,-6,35,-2.967
b1440-i240-split,0,0,-3,35,-2.913
b1440-i240-split,0,0,0,35,-0.000
b1440-i240-split,0,0,3,35,-1.444
b1440-i240-split,0,0,6,35,-0.372
b1440-i240-split,0,2,-6,34,-3.252
b1440-i240-split,0,2,-3,35,-3.396
b1440-i240-split,0,2,0,35,-0.325
b1440-i240-split,0,2,3,35,-1.668
b1440-i240-split,0,2,6,35,-1.118
b1440-i240-split,0,4,-6,34,-4.229
b1440-i240-split,0,4,-3,35,-3.831
b1440-i240-split,0,4,0,35,-0.686
b1440-i240-split,0,4,3,35,-2.020
b1440-i240-split,0,4,6,35,-1.531
b1440-i240-split,0,6,-6,34,-4.857
b1440-i240-split,0,6,-3,35,-3.794
b1440-i240-split,0,6,0,35,-0.620
b1440-i240-split,0,6,3,35,-2.247
b1440-i240-split,0,6,6,35,-1.870
b1440-i240-split,0,9,-6,35,-3.989
b1440-i240-split,0,9,-3,35,-3.663
b1440-i240-split,0,9,0,35,-0.508
b1440-i240-split,0,9,3,35,-2.163
b1440-i240-split,0,9,6,35,-1.734
b1440-i240-split,0,12,-6,35,-3.853
b1440-i240-split,0,12,-3,35,-3.632
b1440-i240-split,0,12,0,35,-0.499
b1440-i240-split,0,12,3,35,-2.080
b1440-i240-split,0,12,6,35,-1.776
b1920-i240,1,-12,-6,40,-2.363
b1920-i240,1,-12,-3,39,-1.748
b1920-i240,1,-12,0,39,-1.152
b1920-i240,1,-12,3,39,-0.930
b1920-i240,1,-12,6,39,-0.158
b1920-i240,1,-9,-6,40,-2.659
b1920-i240,1,-9,-3,40,-1.795
b1920-i240,1,-9,0,40,-1.221
b1920-i240,1,-9,3,39,-0.949
b1920-i240,1,-9,6,39,-1.151
b1920-i240,1,-6,-6,40,-0.385
b1920-i240,1,-6,-3,40,-2.624
b1920-i240,1,-6,0,40,-2.206
b1920-i240,1,-6,3,40,-2.055
b1920-i240,1,-6,6,40,-1.342
b1920-i240,1,-4,-6,40,-2.828
b1920-i240,1,-4,-3,40,-1.034
b1920-i240,1,-4,0,40,-2.407
b1920-i240,1,-4,3,40,-1.776
b1920-i240,1,-4,6,40,-1.950
b1920-i240,1,-2,-6,40,-3.843
b1920-i240,1,-2,-3,41,-1.504
b1920-i240,1,-2,0,40,-1.985
b1920-i240,1,-2,3,40,-1.349
b1920-i240,1,-2,6,40,-1.049
b1920-i240,1,0,-6,40,-3.182
b1920-i240,1,0,-3,40,-3.184
b1920-i240,1,0,0,40,-0.000
b1920-i240,1,0,3,40,-1.839
b1920-i240,1,0,6,40,-0.670
b1920-i240,1,2,-6,39,-4.917
b1920-i240,1,2,-3,40,-3.498
b1920-i240,1,2,0,40,-3.234
b1920-i240,1,2,3,40,-1.057
b1920-i240,1,2,6,40,-1.747
b1920-i240,1,4,-6,40,-6.974
b1920-i240,1,4,-3,39,-5.383
b1920-i240,1,4,0,40,-3.885
b1920-i240,1,4,3,40,-1.915
b1920-i240,1,4,6,40,-2.126
b1920-i240,1,6,-6,40,-7.619
b1920-i240,1,6,-3,40,-6.164
b1920-i240,1,6,0,40,-5.309
b1920-i240,1,6,3,40,-3.930
b1920-i240,1,6,6,40,-0.431
b1920-i240,1,9,-6,40,-7.402
b1920-i240,1,9,-3,40,-6.889
b1920-i240,1,9,0,40,-5.545
b1920-i240,1,9,3,40,-4.360
b1920-i240,1,9,6,40,-3.896
b1920-i240,1,12,-6,40,-7.098
b1920-i240,1,12,-3,40,-7.205
b1920-i240,1,12,0,40,-6.327
b1920-i240,1,12,3,40,-5.675
b1920-i240,1,12,6,40,-4.058
b1920-i240,0,-12,-6,40,-4.090
b1920-i240,0,-12,-3,40,-3.460
b1920-i240,0,-12,0,40,-0.523
b1920-i240,0,-12,3,40,-2.546
b1920-i240,0,-12,6,40,-2.363
b1920-i240,0,-9,-6,40,-4.141
b1920-i240,0,-9,-3,40,-3.479
b1920-i240,0,-9,0,40,-0.501
b1920-i240,0,-9,3,40,-2.659
b1920-i240,0,-9,6,40,-1.796
b1920-i240,0,-6,-6,40,-4.209
b1920-i240,0,-6,-3,40,-3.651
b1920-i240,0,-6,0,40,-0.385
b1920-i240,0,-6,3,40,-2.625
b1920-i240,0,-6,6,40,-2.206
b1920-i240,0,-4,-6,40,-4.345
b1920-i240,0,-4,-3,40,-3.695
b1920-i240,0,-4,0,40,-0.328
b1920-i240,0,-4,3,40,-2.349
b1920-i240,0,-4,6,40,-1.771
b1920-i240,0,-2,-6,40,-3.948
b1920-i240,0,-2,-3,40,-3.714
b1920-i240,0,-2,0,41,-0.314
b1920-i240,0,-2,3,40,-2.213
b1920-i240,0,-2,6,40,-1.196
b1920-i240,0,0,-6,40,-3.182
b1920-i240,0,0,-3,40,-3.184
b1920-i240,0,0,0,40,-0.000
b1920-i240,0,0,3,40,-1.839
b1920-i240,0,0,6,40,-0.670
b1920-i240,0,2,-6,40,-3.500
b1920-i240,0,2,-3,40,-3.896
b1920-i240,0,2,0,40,-0.398
b1920-i240,0,2,3,40,-2.250
b1920-i240,0,2,6,40,-1.735
b1920-i240,0,4,-6,39,-4.247
b1920-i240,0,4,-3,40,-4.044
b1920-i240,0,4,0,40,-0.559
b1920-i240,0,4,3,40,-2.337
b1920-i240,0,4,6,40,-2.059
b1920-i240,0,6,-6,40,-5.309
b1920-i240,0,6,-3,40,-3.930
b1920-i240,0,6,0,40,-0.430
b1920-i240,0,6,3,40,-2.480
b1920-i240,0,6,6,40,-2.416
b1920-i240,0,9,-6,40,-4.364
b1920-i240,0,9,-3,40,-3.887
b1920-i240,0,9,0,40,-0.509
b1920-i240,0,9,3,40,-2.649
b1920-i240,0,9,6,40,-2.471
b1920-i240,0,12,-6,40,-4.058
b1920-i240,0,12,-3,40,-3.858
b1920-i240,0,12,0,40,-0.408
b1920-i240,0,12,3,40,-2.500
b1920-i240,0,12,6,40,-2.320
b1920-i480,1,-12,-6,39,-2.759
b1920-i480,1,-12,-3,39,-1.654
b1920-i480,1,-12,0,39,-0.849
b1920-i480,1,-12,3,38,-0.511
b1920-i480,1,-12,6,39,0.019
b1920-i480,1,-9,-6,40,-3.366
b1920-i480,1,-9,-3,39,-3.092
b1920-i480,1,-9,0,39,-2.141
b1920-i480,1,-9,3,39,-1.122
b1920-i480,1,-9,6,39,-0.814
b1920-i480,1,-6,-6,40,-0.562
b1920-i480,1,-6,-3,40,-3.592
b1920-i480,1,-6,0,40,-2.900
b1920-i480,1,-6,3,39,-2.070
b1920-i480,1,-6,6,39,-0.848
b1920-i480,1,-4,-6,41,-3.719
b1920-i480,1,-4,-3,41,-1.594
b1920-i480,1,-4,0,40,-3.165
b1920-i480,1,-4,3,40,-2.749
b1920-i480,1,-4,6,39,-2.610
b1920-i480,1,-2,-6,41,-4.705
b1920-i480,1,-2,-3,41,-2.023
b1920-i480,1,-2,0,40,-2.657
b1920-i480,1,-2,3,40,-1.885
b1920-i480,1,-2,6,40,-2.099
b1920-i480,1,0,-6,40,-3.687
b1920-i480,1,0,-3,40,-3.775
b1920-i480,1,0,0,40,-0.000
b1920-i480,1,0,3,40,-2.308
b1920-i480,1,0,6,40,-1.250
b1920-i480,1,2,-6,38,-4.710
b1920-i480,1,2,-3,38,-4.696
b1920-i480,1,2,0,39,-3.790
b1920-i480,1,2,3,39,-1.470
b1920-i480,1,2,6,39,-2.069
b1920-i480,1,4,-6,38,-6.083
b1920-i480,1,4,-3,38,-3.918
b1920-i480,1,4,0,38,-4.572
b1920-i480,1,4,3,39,-2.118
b1920-i480,1,4,6,39,-2.551
b1920-i480,1,6,-6,38,-5.900
b1920-i480,1,6,-3,38,-5.368
b1920-i480,1,6,0,38,-4.121
b1920-i480,1,6,3,39,-4.238
b1920-i480,1,6,6,40,-0.297
b1920-i480,1,9,-6,39,-7.197
b1920-i480,1,9,-3,38,-5.816
b1920-i480,1,9,0,39,-5.401
b1920-i480,1,9,3,37,-4.001
b1920-i480,1,9,6,39,-4.289
b1920-i480,1,12,-6,39,-6.538
b1920-i480,1,12,-3,39,-7.132
b1920-i480,1,12,0,39,-5.764
b1920-i480,1,12,3,38,-5.407
b1920-i480,1,12,6,40,-3.958
b1920-i480,0,-12,-6,40,-5.213
b1920-i480,0,-12,-3,40,-4.229
b1920-i480,0,-12,0,40,-0.372
b1920-i480,0,-12,3,40,-3.018
b1920-i480,0,-12,6,39,-2.759
b1920-i480,0,-9,-6,40,-5.816
b1920-i480,0,-9,-3,40,-4.602
b1920-i480,0,-9,0,40,-0.350
b1920-i480,0,-9,3,40,-3.366
b1920-i480,0,-9,6,39,-3.092
b1920-i480,0,-6,-6,40,-5.340
b1920-i480,0,-6,-3,40,-4.865
b1920-i480,0,-6,0,40,-0.562
b1920-i480,0,-6,3,40,-3.592
b1920-i480,0,-6,6,40,-2.900
b1920-i480,0,-4,-6,40,-5.116
b1920-i480,0,-4,-3,41,-4.601
b1920-i480,0,-4,0,41,-0.481
b1920-i480,0,-4,3,40,-3.396
b1920-i480,0,-4,6,40,-2.451
b1920-i480,0,-2,-6,40,-4.426
b1920-i480,0,-2,-3,41,-4.345
b1920-i480,0,-2,0,41,-0.336
b1920-i480,0,-2,3,40,-3.015
b1920-i480,0,-2,6,40,-1.965
b1920-i480,0,0,-6,40,-3.687
b1920-i480,0,0,-3,40,-3.775
b1920-i480,0,0,0,40,-0.000
b1920-i480,0,0,3,40,-2.308
b1920-i480,0,0,6,40,-1.250
b1920-i480,0,2,-6,38,-4.438
b1920-i480,0,2,-3,39,-4.471
b1920-i480,0,2,0,39,-0.406
b1920-i480,0,2,3,39,-2.805
b1920-i480,0,2,6,39,-2.050
b1920-i480,0,4,-6,38,-4.265
b1920-i480,0,4,-3,39,-4.335
b1920-i480,0,4,0,39,-0.376
b1920-i480,0,4,3,39,-2.781
b1920-i480,0,4,6,39,-2.253
b1920-i480,0,6,-6,38,-4.121
b1920-i480,0,6,-3,39,-4.238
b1920-i480,0,6,0,40,-0.297
b1920-i480,0,6,3,39,-2.754
b1920-i480,0,6,6,39,-2.104
b1920-i480,0,9,-6,37,-4.001
b1920-i480,0,9,-3,39,-4.289
b1920-i480,0,9,0,39,-0.338
b1920-i480,0,9,3,39,-2.729
b1920-i480,0,9,6,39,-1.883
b1920-i480,0,12,-6,40,-3.958
b1920-i480,0,12,-3,39,-4.284
b1920-i480,0,12,0,40,-0.329
b1920-i480,0,12,3,40,-2.746
b1920-i480,0,12,6,39,-1.883
b1920-i480-split,1,-12,-6,49,-2.759
b1920-i480-split,1,-12,-3,49,-1.654
b1920-i480-split,1,-12,0,49,-0.849
b1920-i480-split,1,-12,3,48,-0.511
b1920-i480-split,1,-12,6,49,0.019
b1920-i480-split,1,-9,-6,50,-3.366
b1920-i480-split,1,-9,-3,49,-3.092
b1920-i480-split,1,-9,0,49,-2.141
b1920-i480-split,1,-9,3,49,-1.122
b1920-i480-split,1,-9,6,49,-0.814
b1920-i480-split,1,-6,-6,50,-0.562
b1920-i480-split,1,-6,-3,50,-3.592
b1920-i480-split,1,-6,0,50,-2.900
b1920-i480-split,1,-6,3,49,-2.070
b1920-i480-split,1,-6,6,49,-0.848
b1920-i480-split,1,-4,-6,51,-3.719
b1920-i480-split,1,-4,-3,51,-1.594
b1920-i480-split,1,-4,0,50,-3.165
b1920-i480-split,1,-4,3,50,-2.749
b1920-i480-split,1,-4,6,49,-2.610
b1920-i480-split,1,-2,-6,51,-4.705
b1920-i480-split,1,-2,-3,51,-2.023
b1920-i480-split,1,-2,0,50,-2.657
b1920-i480-split,1,-2,3,50,-1.885
b1920-i480-split,1,-2,6,50,-2.099
b1920-i480-split,1,0,-6,50,-3.687
b1920-i480-split,1,0,-3,50,-3.775
b1920-i480-split,1,0,0,50,-0.000
b1920-i480-split,1,0,3,50,-2.308
b1920-i480-split,1,0,6,50,-1.250
b1920-i480-split,1,2,-6,48,-4.710
b1920-i480-split,1,2,-3,48,-4.696
b1920-i480-split,1,2,0,49,-3.790
b1920-i480-split,1,2,3,49,-1.470
b1920-i480-split,1,2,6,49,-2.069
b1920-i480-split,1,4,-6,48,-6.083
b1920-i480-split,1,4,-3,48,-3.918
b1920-i480-split,1,4,0,48,-4.572
b1920-i480-split,1,4,3,49,-2.118
b1920-i480-split,1,4,6,49,-2.551
b1920-i480-split,1,6,-6,48,-5.900
b1920-i480-split,1,6,-3,48,-5.368
b1920-i480-split,1,6,0,48,-4.121
b1920-i480-split,1,6,3,49,-4.238
b1920-i480-split,1,6,6,50,-0.297
b1920-i480-split,1,9,-6,49,-7.197
b1920-i480-split,1,9,-3,48,-5.816
b1920-i480-split,1,9,0,49,-5.401
b1920-i480-split,1,9,3,47,-4.001
b1920-i480-split,1,9,6,49,-4.289
b1920-i480-split,1,12,-6,49,-6.538
b1920-i480-split,1,12,-3,49,-7.132
b1920-i480-split,1,12,0,49,-5.764
b1920-i480-split,1,12,3,48,-5.407
b1920-i480-split,1,12,6,50,-3.958
b1920-i480-split,0,-12,-6,50,-5.213
b1920-i480-split,0,-12,-3,50,-4.229
b1920-i480-split,0,-12,0,50,-0.372
b1920-i480-split,0,-12,3,50,-3.018
b1920-i480-split,0,-12,6,49,-2.759
b1920-i480-split,0,-9,-6,50,-5.816
b1920-i480-split,0,-9,-3,50,-4.602
b1920-i480-split,0,-9,0,50,-0.350
b1920-i480-split,0,-9,3,50,-3.366
b1920-i480-split,0,-9,6,49,-3.092
b1920-i480-split,0,-6,-6,50,-5.340
b1920-i480-split,0,-6,-3,50,-4.865
b1920-i480-split,0,-6,0,50,-0.562
b1920-i480-split,0,-6,3,50,-3.592
b1920-i480-split,0,-6,6,50,-2.900
b1920-i480-split,0,-4,-6,50,-5.116
b1920-i480-split,0,-4,-3,51,-4.601
b1920-i480-split,0,-4,0,51,-0.481
b1920-i480-split,0,-4,3,50,-3.396
b1920-i480-split,0,-4,6,50,-2.451
b1920-i480-split,0,-2,-6,50,-4.426
b1920-i480-split,0,-2,-3,51,-4.345
b1920-i480-split,0,-2,0,51,-0.336
b1920-i480-split,0,-2,3,50,-3.015
b1920-i480-split,0,-2,6,50,-1.965
b1920-i480-split,0,0,-6,50,-3.687
b1920-i480-split,0,0,-3,50,-3.775
b1920-i480-split,0,0,0,50,-0.000
b1920-i480-split,0,0,3,50,-2.308
b1920-i480-split,0,0,6,50,-1.250
b1920-i480-split,0,2,-6,48,-4.438
b1920-i480-split,0,2,-3,49,-4.471
b1920-i480-split,0,2,0,49,-0.406
b1920-i480-split,0,2,3,49,-2.805
b1920-i480-split,0,2,6,49,-2.050
b1920-i480-split,0,4,-6,48,-4.265
b1920-i480-split,0,4,-3,49,-4.335
b1920-i480-split,0,4,0,49,-0.376
b1920-i480-split,0,4,3,49,-2.781
b1920-i480-split,0,4,6,49,-2.253
b1920-i480-split,0,6,-6,48,-4.121
b1920-i480-split,0,6,-3,49,-4.238
b1920-i480-split,0,6,0,50,-0.297
b1920-i480-split,0,6,3,49,-2.754
b1920-i480-split,0,6,6,49,-2.104
b1920-i480-split,0,9,-6,47,-4.001
b1920-i480-split,0,9,-3,49,-4.289
b1920-i480-split,0,9,0,49,-0.338
b1920-i480-split,0,9,3,49,-2.729
b1920-i480-split,0,9,6,49,-1.883
b1920-i480-split,0,12,-6,50,-3.958
b1920-i480-split,0,12,-3,49,-4.284
b1920-i480-split,0,12,0,50,-0.329
b1920-i480-split,0,12,3,50,-2.746
b1920-i480-split,0,12,6,49,-1.883
b2880-i480,1,-12,-6,59,-2.792
b2880-i480,1,-12,-3,59,-1.423
b2880-i480,1,-12,0,58,-0.649
b2880-i480,1,-12,3,58,-0.278
b2880-i480,1,-12,6,59,0.030
b2880-i480,1,-9,-6,59,-3.140
b2880-i480,1,-9,-3,59,-2.790
b2880-i480,1,-9,0,59,-1.837
b2880-i480,1,-9,3,59,-1.155
b2880-i480,1,-9,6,58,-1.370
b2880-i480,1,-6,-6,60,-0.389
b2880-i480,1,-6,-3,60,-3.367
b2880-i480,1,-6,0,60,-2.764
b2880-i480,1,-6,3,60,-2.347
b2880-i480,1,-6,6,59,-1.387
b2880-i480,1,-4,-6,61,-3.454
b2880-i480,1,-4,-3,61,-1.702
b2880-i480,1,-4,0,60,-3.230
b2880-i480,1,-4,3,60,-2.728
b2880-i480,1,-4,6,60,-2.668
b2880-i480,1,-2,-6,61,-4.425
b2880-i480,1,-2,-3,61,-1.857
b2880-i480,1,-2,0,61,-2.742
b2880-i480,1,-2,3,60,-2.069
b2880-i480,1,-2,6,60,-2.226
b2880-i480,1,0,-6,60,-3.537
b2880-i480,1,0,-3,60,-3.638
b2880-i480,1,0,0,60,-0.000
b2880-i480,1,0,3,60,-2.305
b2880-i480,1,0,6,60,-1.466
b2880-i480,1,2,-6,58,-4.461
b2880-i480,1,2,-3,58,-4.538
b2880-i480,1,2,0,59,-3.504
b2880-i480,1,2,3,59,-1.518
b2880-i480,1,2,6,59,-2.352
b2880-i480,1,4,-6,58,-5.706
b2880-i480,1,4,-3,58,-3.470
b2880-i480,1,4,0,59,-4.202
b2880-i480,1,4,3,59,-1.886
b2880-i480,1,4,6,59,-2.488
b2880-i480,1,6,-6,58,-5.690
b2880-i480,1,6,-3,59,-5.011
b2880-i480,1,6,0,58,-3.814
b2880-i480,1,6,3,59,-4.028
b2880-i480,1,6,6,59,-0.213
b2880-i480,1,9,-6,59,-7.317
b2880-i480,1,9,-3,58,-5.687
b2880-i480,1,9,0,58,-5.158
b2880-i480,1,9,3,57,-3.823
b2880-i480,1,9,6,59,-4.067
b2880-i480,1,12,-6,58,-6.103
b2880-i480,1,12,-3,57,-7.339
b2880-i480,1,12,0,58,-5.672
b2880-i480,1,12,3,57,-5.171
b2880-i480,1,12,6,56,-3.841
b2880-i480,0,-12,-6,61,-4.113
b2880-i480,0,-12,-3,60,-4.118
b2880-i480,0,-12,0,60,-0.478
b2880-i480,0,-12,3,59,-3.029
b2880-i480,0,-12,6,59,-2.792
b2880-i480,0,-9,-6,59,-4.408
b2880-i480,0,-9,-3,60,-4.079
b2880-i480,0,-9,0,59,-0.286
b2880-i480,0,-9,3,59,-3.140
b2880-i480,0,-9,6,59,-2.790
b2880-i480,0,-6,-6,60,-4.922
b2880-i480,0,-6,-3,60,-4.355
b2880-i480,0,-6,0,60,-0.389
b2880-i480,0,-6,3,60,-3.366
b2880-i480,0,-6,6,60,-2.764
b2880-i480,0,-4,-6,60,-4.637
b2880-i480,0,-4,-3,61,-4.274
b2880-i480,0,-4,0,61,-0.381
b2880-i480,0,-4,3,60,-3.373
b2880-i480,0,-4,6,60,-2.556
b2880-i480,0,-2,-6,61,-4.330
b2880-i480,0,-2,-3,61,-4.133
b2880-i480,0,-2,0,61,-0.260
b2880-i480,0,-2,3,60,-3.021
b2880-i480,0,-2,6,60,-2.188
b2880-i480,0,0,-6,60,-3.537
b2880-i480,0,0,-3,60,-3.638
b2880-i480,0,0,0,60,-0.000
b2880-i480,0,0,3,60,-2.305
b2880-i480,0,0,6,60,-1.466
b2880-i480,0,2,-6,58,-4.179
b2880-i480,0,2,-3,59,-4.231
b2880-i480,0,2,0,59,-0.275
b2880-i480,0,2,3,59,-2.744
b2880-i480,0,2,6,59,-2.242
b2880-i480,0,4,-6,58,-3.965
b2880-i480,0,4,-3,58,-4.043
b2880-i480,0,4,0,59,-0.231
b2880-i480,0,4,3,59,-2.770
b2880-i480,0,4,6,59,-2.453
b2880-i480,0,6,-6,58,-3.814
b2880-i480,0,6,-3,59,-4.029
b2880-i480,0,6,0,59,-0.214
b2880-i480,0,6,3,59,-2.722
b2880-i480,0,6,6,59,-2.404
b2880-i480,0,9,-6,57,-3.823
b2880-i480,0,9,-3,59,-4.068
b2880-i480,0,9,0,59,-0.249
b2880-i480,0,9,3,60,-2.779
b2880-i480,0,9,6,59,-2.427
b2880-i480,0,12,-6,56,-3.841
b2880-i480,0,12,-3,61,-4.112
b2880-i480,0,12,0,60,-0.284
b2880-i480,0,12,3,60,-2.826
b2880-i480,0,12,6,59,-2.470
b2880-i720,1,-12,-6,60,-2.601
b2880-i720,1,-12,-3,59,-1.524
b2880-i720,1,-12,0,59,-0.713
b2880-i720,1,-12,3,59,-0.523
b2880-i720,1,-12,6,59,0.052
b2880-i720,1,-9,-6,62,-2.882
b2880-i720,1,-9,-3,62,-2.394
b2880-i720,1,-9,0,60,-1.373
b2880-i720,1,-9,3,63,-0.397
b2880-i720,1,-9,6,60,-0.181
b2880-i720,1,-6,-6,61,-0.171
b2880-i720,1,-6,-3,60,-2.720
b2880-i720,1,-6,0,61,-2.202
b2880-i720,1,-6,3,60,-1.352
b2880-i720,1,-6,6,59,-0.262
b2880-i720,1,-4,-6,61,-3.190
b2880-i720,1,-4,-3,61,-1.449
b2880-i720,1,-4,0,60,-2.485
b2880-i720,1,-4,3,60,-2.028
b2880-i720,1,-4,6,58,-1.561
b2880-i720,1,-2,-6,61,-4.088
b2880-i720,1,-2,-3,61,-1.820
b2880-i720,1,-2,0,61,-2.426
b2880-i720,1,-2,3,60,-1.668
b2880-i720,1,-2,6,60,-1.664
b2880-i720,1,0,-6,60,-3.637
b2880-i720,1,0,-3,60,-3.649
b2880-i720,1,0,0,60,-0.000
b2880-i720,1,0,3,60,-2.301
b2880-i720,1,0,6,60,-1.561
b2880-i720,1,2,-6,59,-4.172
b2880-i720,1,2,-3,63,-4.226
b2880-i720,1,2,0,60,-3.288
b2880-i720,1,2,3,60,-1.464
b2880-i720,1,2,6,59,-2.302
b2880-i720,1,4,-6,58,-5.726
b2880-i720,1,4,-3,57,-3.287
b2880-i720,1,4,0,59,-4.218
b2880-i720,1,4,3,59,-1.960
b2880-i720,1,4,6,59,-2.474
b2880-i720,1,6,-6,60,-5.543
b2880-i720,1,6,-3,59,-5.187
b2880-i720,1,6,0,60,-3.922
b2880-i720,1,6,3,60,-4.062
b2880-i720,1,6,6,59,-0.257
b2880-i720,1,9,-6,60,-7.494
b2880-i720,1,9,-3,60,-5.565
b2880-i720,1,9,0,59,-5.217
b2880-i720,1,9,3,60,-3.921
b2880-i720,1,9,6,60,-4.084
b2880-i720,1,12,-6,61,-5.894
b2880-i720,1,12,-3,61,-7.430
b2880-i720,1,12,0,62,-5.503
b2880-i720,1,12,3,58,-5.181
b2880-i720,1,12,6,54,-3.899
b2880-i720,0,-12,-6,60,-4.306
b2880-i720,0,-12,-3,57,-4.154
b2880-i720,0,-12,0,60,-0.491
b2880-i720,0,-12,3,58,-3.048
b2880-i720,0,-12,6,60,-2.601
b2880-i720,0,-9,-6,59,-4.095
b2880-i720,0,-9,-3,58,-3.970
b2880-i720,0,-9,0,61,-0.218
b2880-i720,0,-9,3,62,-2.882
b2880-i720,0,-9,6,62,-2.394
b2880-i720,0,-6,-6,59,-3.878
b2880-i720,0,-6,-3,60,-3.910
b2880-i720,0,-6,0,61,-0.171
b2880-i720,0,-6,3,60,-2.720
b2880-i720,0,-6,6,61,-2.202
b2880-i720,0,-4,-6,60,-3.769
b2880-i720,0,-4,-3,60,-3.861
b2880-i720,0,-4,0,60,-0.136
b2880-i720,0,-4,3,60,-2.692
b2880-i720,0,-4,6,60,-2.170
b2880-i720,0,-2,-6,61,-3.755
b2880-i720,0,-2,-3,61,-3.868
b2880-i720,0,-2,0,61,-0.153
b2880-i720,0,-2,3,61,-2.602
b2880-i720,0,-2,6,60,-2.021
b2880-i720,0,0,-6,60,-3.637
b2880-i720,0,0,-3,60,-3.649
b2880-i720,0,0,0,60,-0.000
b2880-i720,0,0,3,60,-2.301
b2880-i720,0,0,6,60,-1.561
b2880-i720,0,2,-6,58,-3.832
b2880-i720,0,2,-3,60,-3.945
b2880-i720,0,2,0,59,-0.174
b2880-i720,0,2,3,58,-2.580
b2880-i720,0,2,6,58,-2.056
b2880-i720,0,4,-6,61,-3.859
b2880-i720,0,4,-3,59,-4.005
b2880-i720,0,4,0,59,-0.241
b2880-i720,0,4,3,60,-2.613
b2880-i720,0,4,6,59,-2.132
b2880-i720,0,6,-6,60,-3.922
b2880-i720,0,6,-3,60,-4.062
b2880-i720,0,6,0,59,-0.257
b2880-i720,0,6,3,60,-2.656
b2880-i720,0,6,6,60,-2.145
b2880-i720,0,9,-6,60,-3.921
b2880-i720,0,9,-3,60,-4.084
b2880-i720,0,9,0,58,-0.301
b2880-i720,0,9,3,60,-2.707
b2880-i720,0,9,6,58,-2.202
b2880-i720,0,12,-6,54,-3.899
b2880-i720,0,12,-3,62,-4.067
b2880-i720,0,12,0,57,-0.281
b2880-i720,0,12,3,60,-2.714
b2880-i720,0,12,6,58,-2.226
