candidate,config,block,interval,split,pitch_st,formant_st,reported_latency_samples,reported_latency_ms,env_latency_ms,env_score,wave_latency_samples,wave_latency_ms,wave_score,level_in_db,level_out_db,level_diff_db,cpu128_p50,cpu128_p99,cpu128_max,cpu256_p50,cpu256_p99,cpu256_max,cpu480_p50,cpu480_p99,cpu480_max,system_busy_pct
A,default,5760,1440,0,0,0,5760,120.000,120,1.0000,5760,120.000,1.0000,-21.643,-21.643,-0.000,0.161,34.241,39.056,0.159,19.217,19.866,0.160,10.350,11.915,29.8
A,default,5760,1440,0,4,2.5,5760,120.000,120,0.7179,,,,-21.643,-22.667,-1.024,0.105,41.280,65.130,0.105,22.101,30.938,0.108,15.116,17.929,27.9
A,default,5760,1440,0,-4,-2.5,5760,120.000,120,0.6827,,,,-21.643,-22.495,-0.851,0.105,41.865,57.015,0.103,26.079,29.567,0.103,11.698,14.993,22.2
A,default,5760,1440,0,-9,-5,5760,120.000,118,0.6403,,,,-21.643,-22.902,-1.259,0.105,46.204,56.659,0.159,24.079,26.031,0.164,14.282,15.884,26.2
A,default,5760,1440,0,12,6,5760,120.000,119,0.7454,,,,-21.643,-26.190,-4.547,,,,,,,,,,0.0
A,default,5760,1440,0,-12,-6,5760,120.000,120,0.6433,,,,-21.643,-22.560,-0.917,,,,,,,,,,0.0
A,cheaper,4800,1920,1,0,0,6720,140.000,140,1.0000,6720,140.000,1.0000,-21.643,-21.643,-0.000,1.080,6.124,8.797,1.485,5.392,8.342,1.451,2.435,3.044,25.2
A,cheaper,4800,1920,1,4,2.5,6720,140.000,140,0.7212,,,,-21.643,-22.750,-1.107,1.954,6.791,10.417,2.147,6.296,9.193,2.035,3.787,4.845,23.6
A,cheaper,4800,1920,1,-4,-2.5,6720,140.000,140,0.6886,,,,-21.643,-22.555,-0.912,1.954,6.945,10.140,1.965,5.166,8.895,2.026,3.639,4.861,22.5
A,cheaper,4800,1920,1,-9,-5,6720,140.000,138,0.6500,,,,-21.643,-22.930,-1.287,1.905,7.215,9.941,2.567,6.113,7.232,2.938,3.445,4.311,25.2
A,cheaper,4800,1920,1,12,6,6720,140.000,141,0.7337,,,,-21.643,-26.137,-4.493,,,,,,,,,,0.0
A,cheaper,4800,1920,1,-12,-6,6720,140.000,133,0.6406,,,,-21.643,-22.556,-0.913,,,,,,,,,,0.0
A,b960-i120,960,120,0,0,0,960,20.000,20,1.0000,960,20.000,1.0000,-21.643,-21.643,-0.000,3.446,10.973,15.578,3.411,6.677,9.551,3.694,6.493,6.858,21.6
A,b960-i120,960,120,0,4,2.5,960,20.000,20,0.7843,,,,-21.643,-22.624,-0.980,5.479,13.196,18.667,5.670,10.624,14.407,8.310,9.749,11.271,24.5
A,b960-i120,960,120,0,-4,-2.5,960,20.000,20,0.7263,,,,-21.643,-22.146,-0.502,5.513,16.613,21.555,5.550,11.694,15.982,5.892,8.904,10.994,24.9
A,b960-i120,960,120,0,-9,-5,960,20.000,20,0.6946,,,,-21.643,-22.715,-1.072,5.374,12.697,20.355,7.421,11.850,15.039,8.004,9.071,10.868,25.9
A,b960-i120,960,120,0,12,6,960,20.000,20,0.7922,,,,-21.643,-25.217,-3.574,,,,,,,,,,0.0
A,b960-i120,960,120,0,-12,-6,960,20.000,20,0.6850,,,,-21.643,-22.848,-1.205,,,,,,,,,,0.0
A,b960-i240,960,240,0,0,0,960,20.000,20,1.0000,960,20.000,1.0000,-21.643,-21.643,-0.000,5.156,5.831,10.522,1.918,5.882,6.405,1.896,3.548,5.058,25.4
A,b960-i240,960,240,0,4,2.5,960,20.000,20,0.7955,,,,-21.643,-22.798,-1.155,5.404,9.525,18.154,2.826,6.270,8.966,2.995,4.982,6.135,25.1
A,b960-i240,960,240,0,-4,-2.5,960,20.000,20,0.8149,,,,-21.643,-22.658,-1.015,5.250,9.150,11.483,2.798,6.478,9.532,2.962,4.673,5.900,23.5
A,b960-i240,960,240,0,-9,-5,960,20.000,20,0.7143,,,,-21.643,-23.426,-1.783,5.224,9.266,14.850,2.758,6.924,11.096,2.880,4.456,5.598,23.8
A,b960-i240,960,240,0,12,6,960,20.000,19,0.8161,,,,-21.643,-25.388,-3.745,,,,,,,,,,0.0
A,b960-i240,960,240,0,-12,-6,960,20.000,20,0.6940,,,,-21.643,-23.162,-1.519,,,,,,,,,,0.0
A,b960-i240-split,960,240,1,0,0,1200,25.000,25,1.0000,1200,25.000,1.0000,-21.643,-21.643,-0.000,1.984,3.484,6.652,1.956,3.495,4.995,1.960,3.875,5.104,22.2
A,b960-i240-split,960,240,1,4,2.5,1200,25.000,25,0.7955,,,,-21.643,-22.798,-1.155,3.352,5.768,8.355,3.077,5.119,7.824,3.132,5.656,6.971,25.1
A,b960-i240-split,960,240,1,-4,-2.5,1200,25.000,25,0.8149,,,,-21.643,-22.658,-1.015,3.319,5.783,9.274,3.049,4.937,7.067,3.068,4.930,6.947,22.0
A,b960-i240-split,960,240,1,-9,-5,1200,25.000,25,0.7143,,,,-21.643,-23.426,-1.783,3.206,5.370,7.991,3.011,4.854,6.874,3.005,4.915,5.415,23.7
A,b960-i240-split,960,240,1,12,6,1200,25.000,24,0.8161,,,,-21.643,-25.388,-3.745,,,,,,,,,,0.0
A,b960-i240-split,960,240,1,-12,-6,1200,25.000,25,0.6940,,,,-21.643,-23.162,-1.519,,,,,,,,,,0.0
A,b1440-i240,1440,240,0,0,0,1440,30.000,30,1.0000,1440,30.000,1.0000,-21.643,-21.643,-0.000,5.182,9.071,14.644,2.728,8.559,10.828,2.982,5.341,6.402,22.8
A,b1440-i240,1440,240,0,4,2.5,1440,30.000,30,0.7801,,,,-21.643,-22.737,-1.093,8.321,14.449,20.269,4.282,9.319,15.352,4.940,8.412,9.819,22.3
A,b1440-i240,1440,240,0,-4,-2.5,1440,30.000,30,0.7734,,,,-21.643,-22.672,-1.029,8.156,14.265,20.768,4.198,9.238,13.266,4.718,7.861,9.524,23.7
A,b1440-i240,1440,240,0,-9,-5,1440,30.000,30,0.6763,,,,-21.643,-23.136,-1.493,8.014,12.664,17.104,4.196,9.630,17.224,4.514,7.665,8.377,22.7
A,b1440-i240,1440,240,0,12,6,1440,30.000,29,0.7971,,,,-21.643,-25.550,-3.906,,,,,,,,,,0.0
A,b1440-i240,1440,240,0,-12,-6,1440,30.000,30,0.6758,,,,-21.643,-23.070,-1.426,,,,,,,,,,0.0
A,b1440-i360,1440,360,0,0,0,1440,30.000,30,1.0000,1440,30.000,1.0000,-21.643,-21.643,-0.000,0.109,9.011,12.030,2.685,4.093,5.539,1.590,4.476,6.036,22.6
A,b1440-i360,1440,360,0,4,2.5,1440,30.000,29,0.7394,,,,-21.643,-22.736,-1.093,0.109,13.204,21.750,4.268,7.093,9.413,2.480,7.291,8.064,23.4
A,b1440-i360,1440,360,0,-4,-2.5,1440,30.000,31,0.7099,,,,-21.643,-22.452,-0.809,0.105,11.700,16.901,4.207,6.977,9.233,2.486,6.765,7.452,21.3
A,b1440-i360,1440,360,0,-9,-5,1440,30.000,31,0.6463,,,,-21.643,-23.103,-1.460,0.105,11.167,17.820,4.118,6.774,9.343,2.398,6.224,8.522,24.7
A,b1440-i360,1440,360,0,12,6,1440,30.000,29,0.7554,,,,-21.643,-25.647,-4.003,,,,,,,,,,0.0
A,b1440-i360,1440,360,0,-12,-6,1440,30.000,29,0.6411,,,,-21.643,-23.286,-1.643,,,,,,,,,,0.0
A,b1440-i480,1440,480,0,0,0,1440,30.000,30,1.0000,1440,30.000,1.0000,-21.643,-21.643,-0.000,0.105,7.388,9.608,2.670,5.016,6.133,1.497,2.641,4.008,24.9
A,b1440-i480,1440,480,0,4,2.5,1440,30.000,30,0.7279,,,,-21.643,-22.873,-1.230,0.105,11.936,18.218,4.209,7.652,9.684,2.393,4.626,5.274,22.8
A,b1440-i480,1440,480,0,-4,-2.5,1440,30.000,31,0.6945,,,,-21.643,-22.459,-0.816,0.105,13.365,22.931,4.131,7.110,11.158,2.321,3.801,4.926,18.0
A,b1440-i480,1440,480,0,-9,-5,1440,30.000,28,0.6454,,,,-21.643,-23.037,-1.394,0.105,12.510,18.326,4.063,7.063,8.788,2.327,3.990,7.791,24.1
A,b1440-i480,1440,480,0,12,6,1440,30.000,31,0.7437,,,,-21.643,-25.734,-4.091,,,,,,,,,,0.0
A,b1440-i480,1440,480,0,-12,-6,1440,30.000,29,0.6270,,,,-21.643,-23.283,-1.640,,,,,,,,,,0.0
A,b1440-i240-split,1440,240,1,0,0,1680,35.000,35,1.0000,1680,35.000,1.0000,-21.643,-21.643,-0.000,3.131,5.921,8.265,3.195,5.629,7.922,3.290,6.188,21.467,30.0
A,b1440-i240-split,1440,240,1,4,2.5,1680,35.000,35,0.7801,,,,-21.643,-22.737,-1.093,4.811,8.213,12.667,4.761,7.841,10.217,4.706,7.417,8.006,19.0
A,b1440-i240-split,1440,240,1,-4,-2.5,1680,35.000,35,0.7734,,,,-21.643,-22.672,-1.029,5.783,8.194,12.326,6.529,7.551,8.289,4.700,7.100,8.378,19.0
A,b1440-i240-split,1440,240,1,-9,-5,1680,35.000,35,0.6763,,,,-21.643,-23.136,-1.493,4.669,8.438,13.436,4.592,7.736,10.159,4.517,7.538,9.035,16.6
A,b1440-i240-split,1440,240,1,12,6,1680,35.000,34,0.7971,,,,-21.643,-25.550,-3.906,,,,,,,,,,0.0
A,b1440-i240-split,1440,240,1,-12,-6,1680,35.000,35,0.6758,,,,-21.643,-23.070,-1.426,,,,,,,,,,0.0
A,b1920-i240,1920,240,0,0,0,1920,40.000,40,1.0000,1920,40.000,1.0000,-21.643,-21.643,-0.000,6.742,12.750,17.108,3.750,9.836,14.263,3.823,6.551,7.614,27.6
A,b1920-i240,1920,240,0,4,2.5,1920,40.000,40,0.7758,,,,-21.643,-22.741,-1.098,10.406,17.194,22.117,5.550,12.679,26.713,5.947,8.967,10.468,17.9
A,b1920-i240,1920,240,0,-4,-2.5,1920,40.000,40,0.7483,,,,-21.643,-22.733,-1.090,10.305,15.994,21.502,5.451,12.486,18.851,5.830,9.410,11.251,17.7
A,b1920-i240,1920,240,0,-9,-5,1920,40.000,40,0.6513,,,,-21.643,-23.190,-1.547,10.211,18.233,24.274,5.336,12.279,17.046,5.717,8.801,10.154,18.4
A,b1920-i240,1920,240,0,12,6,1920,40.000,39,0.7711,,,,-21.643,-25.737,-4.093,,,,,,,,,,0.0
A,b1920-i240,1920,240,0,-12,-6,1920,40.000,40,0.6674,,,,-21.643,-23.031,-1.388,,,,,,,,,,0.0
A,b1920-i480,1920,480,0,0,0,1920,40.000,40,1.0000,1920,40.000,1.0000,-21.643,-21.643,-0.000,0.101,8.959,13.564,3.319,6.002,7.961,1.880,3.587,4.453,16.9
A,b1920-i480,1920,480,0,4,2.5,1920,40.000,39,0.7251,,,,-21.643,-22.790,-1.147,0.101,17.081,24.053,5.361,8.826,13.275,2.998,4.608,6.630,18.4
A,b1920-i480,1920,480,0,-4,-2.5,1920,40.000,40,0.6872,,,,-21.643,-22.485,-0.842,0.101,17.089,24.086,5.271,9.221,11.648,2.949,5.010,6.050,17.2
A,b1920-i480,1920,480,0,-9,-5,1920,40.000,37,0.6447,,,,-21.643,-23.132,-1.489,0.101,15.761,20.741,5.141,8.201,10.757,2.901,5.205,6.523,18.2
A,b1920-i480,1920,480,0,12,6,1920,40.000,39,0.7313,,,,-21.643,-25.937,-4.294,,,,,,,,,,0.0
A,b1920-i480,1920,480,0,-12,-6,1920,40.000,41,0.6386,,,,-21.643,-23.125,-1.482,,,,,,,,,,0.0
A,b1920-i480-split,1920,480,1,0,0,2400,50.000,50,1.0000,2400,50.000,1.0000,-21.643,-21.643,-0.000,1.928,4.612,11.228,2.029,4.044,5.513,1.976,3.188,3.820,17.4
A,b1920-i480-split,1920,480,1,4,2.5,2400,50.000,49,0.7251,,,,-21.643,-22.790,-1.147,2.948,6.120,14.812,3.321,5.381,6.750,3.156,5.240,6.028,17.1
A,b1920-i480-split,1920,480,1,-4,-2.5,2400,50.000,50,0.6872,,,,-21.643,-22.485,-0.842,2.910,6.570,11.156,3.334,6.212,8.074,3.102,5.431,7.418,17.3
A,b1920-i480-split,1920,480,1,-9,-5,2400,50.000,47,0.6447,,,,-21.643,-23.132,-1.489,2.932,6.660,9.697,3.178,5.286,6.323,3.499,6.258,7.165,27.9
A,b1920-i480-split,1920,480,1,12,6,2400,50.000,49,0.7313,,,,-21.643,-25.937,-4.294,,,,,,,,,,0.0
A,b1920-i480-split,1920,480,1,-12,-6,2400,50.000,51,0.6386,,,,-21.643,-23.125,-1.482,,,,,,,,,,0.0
A,b2880-i480,2880,480,0,0,0,2880,60.000,60,1.0000,2880,60.000,1.0000,-21.643,-21.643,-0.000,0.109,20.730,32.089,5.449,11.167,18.124,2.969,5.024,7.239,32.6
A,b2880-i480,2880,480,0,4,2.5,2880,60.000,59,0.7302,,,,-21.643,-22.700,-1.057,0.101,23.314,32.422,8.226,13.800,18.754,4.756,8.116,8.703,18.7
A,b2880-i480,2880,480,0,-4,-2.5,2880,60.000,60,0.6854,,,,-21.643,-22.436,-0.793,0.105,26.970,104.936,8.044,12.861,14.745,4.585,6.880,8.392,20.6
A,b2880-i480,2880,480,0,-9,-5,2880,60.000,60,0.6412,,,,-21.643,-23.063,-1.420,0.105,23.224,29.209,8.046,12.864,16.016,4.628,7.602,9.606,19.2
A,b2880-i480,2880,480,0,12,6,2880,60.000,58,0.7473,,,,-21.643,-25.908,-4.265,,,,,,,,,,0.0
A,b2880-i480,2880,480,0,-12,-6,2880,60.000,62,0.6404,,,,-21.643,-22.894,-1.251,,,,,,,,,,0.0
A,b2880-i720,2880,720,0,0,0,2880,60.000,60,1.0000,2880,60.000,1.0000,-21.643,-21.643,-0.000,0.109,16.688,24.829,0.111,8.844,11.786,2.982,5.288,6.078,27.9
A,b2880-i720,2880,720,0,4,2.5,2880,60.000,61,0.7232,,,,-21.643,-22.794,-1.151,0.109,24.585,36.098,0.113,15.431,18.272,4.619,7.312,9.636,24.5
A,b2880-i720,2880,720,0,-4,-2.5,2880,60.000,61,0.6843,,,,-21.643,-22.534,-0.891,0.101,22.267,35.119,0.103,12.893,14.634,4.523,6.627,8.146,18.2
A,b2880-i720,2880,720,0,-9,-5,2880,60.000,60,0.6362,,,,-21.643,-23.057,-1.414,0.101,22.076,28.871,0.105,12.735,14.576,4.479,8.367,9.785,16.1
A,b2880-i720,2880,720,0,12,6,2880,60.000,60,0.7393,,,,-21.643,-25.953,-4.309,,,,,,,,,,0.0
A,b2880-i720,2880,720,0,-12,-6,2880,60.000,61,0.6457,,,,-21.643,-22.828,-1.185,,,,,,,,,,0.0
