item,condition,value,unit
rnnoise_get_frame_size,,480,samples
rnnoise_get_size,DenoiseState bytes,32688,bytes
fifo_prime,block 480, speech only,0,samples
latency_wave,block 480, speech only,959,samples
latency_wave_ms,block 480, speech only,19.979,ms
latency_wave_score,block 480, speech only,0.9834,corr
latency_env_ms,block 480, speech only,20,ms
fifo_underruns,block 480, speech only,0,samples
speech_level_change,speech only, block 480, from 1 s,-0.137,dB
fifo_prime,block 128, speech only,448,samples
latency_wave,block 128, speech only,1407,samples
latency_wave_ms,block 128, speech only,29.312,ms
latency_wave_score,block 128, speech only,0.9834,corr
latency_env_ms,block 128, speech only,29,ms
fifo_underruns,block 128, speech only,0,samples
fifo_prime,block 256, speech only,448,samples
latency_wave,block 256, speech only,1407,samples
latency_wave_ms,block 256, speech only,29.312,ms
latency_wave_score,block 256, speech only,0.9834,corr
latency_env_ms,block 256, speech only,29,ms
fifo_underruns,block 256, speech only,0,samples
fifo_prime,block 512, speech only,448,samples
latency_wave,block 512, speech only,1407,samples
latency_wave_ms,block 512, speech only,29.312,ms
latency_wave_score,block 512, speech only,0.9834,corr
latency_env_ms,block 512, speech only,29,ms
fifo_underruns,block 512, speech only,0,samples
noise_only_in,white -40 dBFS RMS, 1..10 s,-39.998,dBFS
noise_only_out,white -40 dBFS RMS, 1..10 s,-96.972,dBFS
noise_only_suppression,in - out (AC-16 needs >= 10),56.973,dB
noise_only_out_per_second,second 0,-65.738,dBFS
noise_only_out_per_second,second 1,-106.232,dBFS
noise_only_out_per_second,second 2,-106.431,dBFS
noise_only_out_per_second,second 3,-101.483,dBFS
noise_only_out_per_second,second 4,-105.350,dBFS
noise_only_out_per_second,second 5,-102.237,dBFS
noise_only_out_per_second,second 6,-94.176,dBFS
noise_only_out_per_second,second 7,-91.094,dBFS
noise_only_out_per_second,second 8,-97.908,dBFS
noise_only_out_per_second,second 9,-95.536,dBFS
mix_latency_check,gated speech, block 480,959,samples
mix_gap_in,noise during 0.3 s gaps (50 ms guards),-39.999,dBFS
mix_gap_out,noise during 0.3 s gaps (50 ms guards),-78.907,dBFS
mix_gap_suppression,gap in - gap out,38.908,dB
mix_speech_in,speech+noise during speech,-22.166,dBFS
mix_speech_out,speech+noise during speech,-22.489,dBFS
mix_speech_change,out - in during speech,-0.323,dB
clean_speech_change,gated speech without noise, out - in,-0.150,dB
mix_input_snr,speech segments vs noise,17.760,dB
frame_us_p50,block 128, 60 s speech+noise,103.600,us
frame_us_p99,block 128, 60 s speech+noise,177.000,us
frame_us_max,block 128, 60 s speech+noise,401.500,us
frame_count,block 128, 60 s speech+noise,6000,frames
block_cpu_p50,block 128, 60 s speech+noise,0.030,% of buffer
block_cpu_p99,block 128, 60 s speech+noise,5.501,% of buffer
block_cpu_max,block 128, 60 s speech+noise,15.161,% of buffer
system_busy,block 128, 60 s speech+noise,9.6,%
frame_us_p50,block 256, 60 s speech+noise,104.200,us
frame_us_p99,block 256, 60 s speech+noise,182.500,us
frame_us_max,block 256, 60 s speech+noise,436.500,us
frame_count,block 256, 60 s speech+noise,6000,frames
block_cpu_p50,block 256, 60 s speech+noise,1.948,% of buffer
block_cpu_p99,block 256, 60 s speech+noise,3.324,% of buffer
block_cpu_max,block 256, 60 s speech+noise,8.263,% of buffer
system_busy,block 256, 60 s speech+noise,12.4,%
frame_us_p50,block 480, 60 s speech+noise,152.500,us
frame_us_p99,block 480, 60 s speech+noise,176.300,us
frame_us_max,block 480, 60 s speech+noise,323.800,us
frame_count,block 480, 60 s speech+noise,6000,frames
block_cpu_p50,block 480, 60 s speech+noise,1.575,% of buffer
block_cpu_p99,block 480, 60 s speech+noise,1.819,% of buffer
block_cpu_max,block 480, 60 s speech+noise,3.300,% of buffer
system_busy,block 480, 60 s speech+noise,11.6,%
