method,signal,f0_hz,onset_latency_ms,step_latency_ms,steady_mean_cents,steady_mean_abs_cents,steady_max_abs_cents,steady_frames,steady_unvoiced,step_mean_abs_cents,step_max_abs_cents
YIN,sine,100,24.521,20.521,0.004,0.004,0.005,517,0,0.006,0.011
YIN,sine,150,24.521,23.188,0.009,0.009,0.011,517,0,0.013,0.015
YIN,sine,200,24.521,23.188,0.015,0.015,0.020,517,0,0.007,0.011
YIN,sine,300,21.854,23.188,0.034,0.034,0.043,517,0,0.054,0.057
YIN,sine,400,21.854,23.188,0.060,0.060,0.074,517,0,0.080,0.091
YIN,harmonic1-5,100,24.521,20.521,0.004,0.005,0.016,517,0,0.007,0.026
YIN,harmonic1-5,150,21.854,20.521,0.008,0.016,0.036,517,0,0.013,0.023
YIN,harmonic1-5,200,21.854,20.521,0.015,0.017,0.042,517,0,0.008,0.021
YIN,harmonic1-5,300,21.854,20.521,0.034,0.040,0.082,517,0,0.053,0.091
YIN,harmonic1-5,400,21.854,23.188,0.060,0.061,0.126,517,0,0.092,0.165
MPM,sine,100,24.521,20.521,0.000,0.002,0.005,517,0,0.004,0.007
MPM,sine,150,13.854,23.188,0.000,0.004,0.006,517,0,0.004,0.008
MPM,sine,200,24.521,23.188,-0.000,0.003,0.005,517,0,0.001,0.003
MPM,sine,300,8.521,23.188,-0.000,0.007,0.010,517,0,0.001,0.002
MPM,sine,400,5.854,23.188,-0.000,0.002,0.003,517,0,0.003,0.007
MPM,harmonic1-5,100,16.521,17.854,-0.000,0.004,0.013,517,0,0.003,0.016
MPM,harmonic1-5,150,13.854,17.854,-0.001,0.006,0.018,517,0,0.004,0.019
MPM,harmonic1-5,200,11.188,17.854,-0.000,0.005,0.021,517,0,0.002,0.007
MPM,harmonic1-5,300,8.521,17.854,-0.006,0.010,0.038,517,0,0.006,0.032
MPM,harmonic1-5,400,5.854,20.521,0.000,0.008,0.033,517,0,0.018,0.030
