id,diffDb,suggestedTrimDb,usesReference
natural-asis,0.00,-0.0,0
natural-clear,-0.20,0.0,0
natural-slightly-high,-1.03,1.0,0
natural-slightly-low,-0.99,1.0,0
natural-calm,-0.24,0.0,0
natural-bright,-0.46,0.5,0
natural-doubling,2.93,-3.0,0
natural-announcer,-1.54,1.5,0
natural-radio-dj,-2.51,2.5,0
natural-ikebo,-0.93,1.0,0
natural-deessed,-0.43,0.5,0
character-female,-0.46,0.5,0
character-male,-0.07,0.0,0
character-boy,-0.12,0.0,0
character-girl,-0.11,0.0,0
character-old-man,-0.46,0.5,0
character-old-woman,-0.56,0.5,0
character-helium,0.15,-0.0,0
character-hamster,-0.22,0.0,0
character-giant,0.90,-1.0,0
character-demon,0.35,-0.5,0
character-demon-king,-0.19,0.0,0
character-masked-villain,-3.15,3.0,0
character-robot,-5.01,5.0,0
character-cyborg,-4.42,4.5,0
character-alien,-6.26,6.0,0
character-ghost,-4.06,4.0,0
character-fairy,-4.07,4.0,0
character-crowd,-2.40,2.5,0
character-whisper,0.45,-0.5,0
character-kero,-0.07,0.0,0
character-vocoder-robot,0.44,-0.5,0
character-talkbox,-0.16,0.0,0
device-telephone,-4.29,4.5,0
device-am-radio,-1.68,1.5,0
device-megaphone,-3.38,3.5,0
device-military-radio,-4.74,4.5,0
device-8bit,-0.01,0.0,0
device-broken-speaker,-2.26,2.5,0
device-old-tape,-0.22,0.0,0
device-radio-noise,-0.56,0.5,0
device-wah-voice,-1.50,1.5,0
device-vowel-filter,-0.84,1.0,0
device-slicer-trance,-2.16,2.0,0
device-stutter-glitch,0.03,-0.0,0
space-cave,0.41,-0.5,0
space-bath,0.19,-0.0,0
space-cathedral,0.13,-0.0,0
space-yamabiko,0.70,-0.5,0
space-underwater,-4.00,4.0,0
space-behind-wall,-0.35,0.5,0
space-tape-echo,0.05,-0.0,0
space-reverse-echo,-0.09,0.0,0
layered-harmony-fifth,1.08,-1.0,0
layered-harmony-octave,1.43,-1.5,0
layered-choir-3,1.68,-1.5,0
layered-drunk,-0.94,1.0,0
layered-trembling,-1.38,1.5,0
layered-phaser-voice,-2.39,2.5,0
layered-rotary-voice,-0.03,0.0,0
layered-harmony-scale,0.00,-0.0,0
