id,quality,meanUs,p95Us,maxUs,realtimePct,cpu
natural-asis,0,23.3,35.9,67.2,0.23,11th Gen Intel(R) Core(TM) i7-11700F @ 2.50GHz
natural-asis,1,23.0,30.9,71.2,0.23,11th Gen Intel(R) Core(TM) i7-11700F @ 2.50GHz
natural-asis,2,23.8,37.7,84.2,0.24,11th Gen Intel(R) Core(TM) i7-11700F @ 2.50GHz
natural-clear,0,36.9,52.8,91.3,0.37,11th Gen Intel(R) Core(TM) i7-11700F @ 2.50GHz
natural-clear,1,37.2,52.9,98.6,0.37,11th Gen Intel(R) Core(TM) i7-11700F @ 2.50GHz
natural-clear,2,37.0,51.6,112.1,0.37,11th Gen Intel(R) Core(TM) i7-11700F @ 2.50GHz
natural-slightly-high,0,386.5,503.0,661.1,3.86,11th Gen Intel(R) Core(TM) i7-11700F @ 2.50GHz
natural-slightly-high,1,274.7,436.3,788.8,2.75,11th Gen Intel(R) Core(TM) i7-11700F @ 2.50GHz
natural-slightly-high,2,377.2,501.7,857.8,3.77,11th Gen Intel(R) Core(TM) i7-11700F @ 2.50GHz
natural-slightly-low,0,388.5,513.5,776.0,3.88,11th Gen Intel(R) Core(TM) i7-11700F @ 2.50GHz
natural-slightly-low,1,273.9,442.1,701.7,2.74,11th Gen Intel(R) Core(TM) i7-11700F @ 2.50GHz
natural-slightly-low,2,379.8,515.1,746.8,3.80,11th Gen Intel(R) Core(TM) i7-11700F @ 2.50GHz
natural-calm,0,393.5,517.8,772.1,3.94,11th Gen Intel(R) Core(TM) i7-11700F @ 2.50GHz
natural-calm,1,281.3,445.4,712.4,2.81,11th Gen Intel(R) Core(TM) i7-11700F @ 2.50GHz
natural-calm,2,383.4,513.5,735.6,3.83,11th Gen Intel(R) Core(TM) i7-11700F @ 2.50GHz
natural-bright,0,392.0,512.1,811.6,3.92,11th Gen Intel(R) Core(TM) i7-11700F @ 2.50GHz
natural-bright,1,279.4,439.8,663.2,2.79,11th Gen Intel(R) Core(TM) i7-11700F @ 2.50GHz
natural-bright,2,382.1,506.8,659.5,3.82,11th Gen Intel(R) Core(TM) i7-11700F @ 2.50GHz
natural-doubling,0,738.4,945.5,1383.6,7.38,11th Gen Intel(R) Core(TM) i7-11700F @ 2.50GHz
natural-doubling,1,504.8,840.5,1132.4,5.05,11th Gen Intel(R) Core(TM) i7-11700F @ 2.50GHz
natural-doubling,2,715.9,911.7,1336.8,7.16,11th Gen Intel(R) Core(TM) i7-11700F @ 2.50GHz
natural-announcer,0,78.1,103.7,159.0,0.78,11th Gen Intel(R) Core(TM) i7-11700F @ 2.50GHz
natural-announcer,1,78.5,110.4,188.9,0.79,11th Gen Intel(R) Core(TM) i7-11700F @ 2.50GHz
natural-announcer,2,78.6,105.9,184.3,0.79,11th Gen Intel(R) Core(TM) i7-11700F @ 2.50GHz
natural-radio-dj,0,396.5,519.3,798.3,3.96,11th Gen Intel(R) Core(TM) i7-11700F @ 2.50GHz
natural-radio-dj,1,281.5,440.2,698.5,2.81,11th Gen Intel(R) Core(TM) i7-11700F @ 2.50GHz
natural-radio-dj,2,382.2,507.7,685.2,3.82,11th Gen Intel(R) Core(TM) i7-11700F @ 2.50GHz
natural-ikebo,0,435.8,559.0,895.8,4.36,11th Gen Intel(R) Core(TM) i7-11700F @ 2.50GHz
natural-ikebo,1,318.2,487.2,718.1,3.18,11th Gen Intel(R) Core(TM) i7-11700F @ 2.50GHz
natural-ikebo,2,425.0,554.5,787.2,4.25,11th Gen Intel(R) Core(TM) i7-11700F @ 2.50GHz
natural-deessed,0,43.8,62.0,144.3,0.44,11th Gen Intel(R) Core(TM) i7-11700F @ 2.50GHz
natural-deessed,1,43.0,60.2,124.1,0.43,11th Gen Intel(R) Core(TM) i7-11700F @ 2.50GHz
natural-deessed,2,43.5,63.8,103.3,0.44,11th Gen Intel(R) Core(TM) i7-11700F @ 2.50GHz
character-female,0,418.4,587.4,912.7,4.18,11th Gen Intel(R) Core(TM) i7-11700F @ 2.50GHz
character-female,1,294.1,476.2,783.9,2.94,11th Gen Intel(R) Core(TM) i7-11700F @ 2.50GHz
character-female,2,433.4,576.6,790.1,4.33,11th Gen Intel(R) Core(TM) i7-11700F @ 2.50GHz
character-male,0,559.1,607.8,729.9,5.59,11th Gen Intel(R) Core(TM) i7-11700F @ 2.50GHz
character-male,1,333.0,599.4,716.0,3.33,11th Gen Intel(R) Core(TM) i7-11700F @ 2.50GHz
character-male,2,382.3,512.5,720.0,3.82,11th Gen Intel(R) Core(TM) i7-11700F @ 2.50GHz
character-boy,0,382.8,508.2,706.2,3.83,11th Gen Intel(R) Core(TM) i7-11700F @ 2.50GHz
character-boy,1,270.7,433.2,756.0,2.71,11th Gen Intel(R) Core(TM) i7-11700F @ 2.50GHz
character-boy,2,378.4,507.5,699.1,3.78,11th Gen Intel(R) Core(TM) i7-11700F @ 2.50GHz
character-girl,0,383.2,514.5,746.8,3.83,11th Gen Intel(R) Core(TM) i7-11700F @ 2.50GHz
character-girl,1,267.1,439.9,612.2,2.67,11th Gen Intel(R) Core(TM) i7-11700F @ 2.50GHz
character-girl,2,370.3,490.7,731.9,3.70,11th Gen Intel(R) Core(TM) i7-11700F @ 2.50GHz
character-old-man,0,400.5,526.9,750.2,4.01,11th Gen Intel(R) Core(TM) i7-11700F @ 2.50GHz
character-old-man,1,291.7,467.8,789.4,2.92,11th Gen Intel(R) Core(TM) i7-11700F @ 2.50GHz
character-old-man,2,392.4,516.7,865.6,3.92,11th Gen Intel(R) Core(TM) i7-11700F @ 2.50GHz
character-old-woman,0,404.3,542.5,965.1,4.04,11th Gen Intel(R) Core(TM) i7-11700F @ 2.50GHz
character-old-woman,1,290.8,469.6,808.5,2.91,11th Gen Intel(R) Core(TM) i7-11700F @ 2.50GHz
character-old-woman,2,389.0,510.0,715.9,3.89,11th Gen Intel(R) Core(TM) i7-11700F @ 2.50GHz
character-helium,0,381.0,507.8,746.1,3.81,11th Gen Intel(R) Core(TM) i7-11700F @ 2.50GHz
character-helium,1,267.4,435.1,653.4,2.67,11th Gen Intel(R) Core(TM) i7-11700F @ 2.50GHz
character-helium,2,364.3,490.5,738.6,3.64,11th Gen Intel(R) Core(TM) i7-11700F @ 2.50GHz
character-hamster,0,382.0,500.6,779.6,3.82,11th Gen Intel(R) Core(TM) i7-11700F @ 2.50GHz
character-hamster,1,267.4,443.2,639.8,2.67,11th Gen Intel(R) Core(TM) i7-11700F @ 2.50GHz
character-hamster,2,369.1,489.8,702.4,3.69,11th Gen Intel(R) Core(TM) i7-11700F @ 2.50GHz
character-giant,0,424.6,561.6,816.0,4.25,11th Gen Intel(R) Core(TM) i7-11700F @ 2.50GHz
character-giant,1,314.5,494.5,800.1,3.15,11th Gen Intel(R) Core(TM) i7-11700F @ 2.50GHz
character-giant,2,414.0,553.2,795.0,4.14,11th Gen Intel(R) Core(TM) i7-11700F @ 2.50GHz
character-demon,0,448.0,593.5,808.6,4.48,11th Gen Intel(R) Core(TM) i7-11700F @ 2.50GHz
character-demon,1,333.3,515.5,816.5,3.33,11th Gen Intel(R) Core(TM) i7-11700F @ 2.50GHz
character-demon,2,435.2,574.2,796.9,4.35,11th Gen Intel(R) Core(TM) i7-11700F @ 2.50GHz
character-demon-king,0,799.7,1003.9,1417.2,8.00,11th Gen Intel(R) Core(TM) i7-11700F @ 2.50GHz
character-demon-king,1,574.3,909.0,1247.4,5.74,11th Gen Intel(R) Core(TM) i7-11700F @ 2.50GHz
character-demon-king,2,783.6,998.6,1692.7,7.84,11th Gen Intel(R) Core(TM) i7-11700F @ 2.50GHz
character-masked-villain,0,438.7,565.4,838.9,4.39,11th Gen Intel(R) Core(TM) i7-11700F @ 2.50GHz
character-masked-villain,1,324.2,493.5,828.2,3.24,11th Gen Intel(R) Core(TM) i7-11700F @ 2.50GHz
character-masked-villain,2,430.0,567.5,834.0,4.30,11th Gen Intel(R) Core(TM) i7-11700F @ 2.50GHz
character-robot,0,32.5,46.6,73.2,0.33,11th Gen Intel(R) Core(TM) i7-11700F @ 2.50GHz
character-robot,1,33.6,48.0,96.6,0.34,11th Gen Intel(R) Core(TM) i7-11700F @ 2.50GHz
character-robot,2,33.2,49.1,111.3,0.33,11th Gen Intel(R) Core(TM) i7-11700F @ 2.50GHz
character-cyborg,0,427.6,557.4,919.0,4.28,11th Gen Intel(R) Core(TM) i7-11700F @ 2.50GHz
character-cyborg,1,316.2,483.5,762.6,3.16,11th Gen Intel(R) Core(TM) i7-11700F @ 2.50GHz
character-cyborg,2,418.2,551.7,863.4,4.18,11th Gen Intel(R) Core(TM) i7-11700F @ 2.50GHz
character-alien,0,413.4,541.5,772.7,4.13,11th Gen Intel(R) Core(TM) i7-11700F @ 2.50GHz
character-alien,1,308.0,484.2,697.2,3.08,11th Gen Intel(R) Core(TM) i7-11700F @ 2.50GHz
character-alien,2,406.1,549.7,719.4,4.06,11th Gen Intel(R) Core(TM) i7-11700F @ 2.50GHz
character-ghost,0,457.5,600.2,929.7,4.57,11th Gen Intel(R) Core(TM) i7-11700F @ 2.50GHz
character-ghost,1,351.2,559.1,840.2,3.51,11th Gen Intel(R) Core(TM) i7-11700F @ 2.50GHz
character-ghost,2,442.0,570.4,720.8,4.42,11th Gen Intel(R) Core(TM) i7-11700F @ 2.50GHz
character-fairy,0,438.0,571.6,798.6,4.38,11th Gen Intel(R) Core(TM) i7-11700F @ 2.50GHz
character-fairy,1,333.9,516.5,829.1,3.34,11th Gen Intel(R) Core(TM) i7-11700F @ 2.50GHz
character-fairy,2,507.4,644.2,796.8,5.07,11th Gen Intel(R) Core(TM) i7-11700F @ 2.50GHz
character-crowd,0,80.2,115.4,191.0,0.80,11th Gen Intel(R) Core(TM) i7-11700F @ 2.50GHz
character-crowd,1,78.9,106.0,207.7,0.79,11th Gen Intel(R) Core(TM) i7-11700F @ 2.50GHz
character-crowd,2,79.4,108.3,168.6,0.79,11th Gen Intel(R) Core(TM) i7-11700F @ 2.50GHz
character-whisper,0,84.3,118.5,221.1,0.84,11th Gen Intel(R) Core(TM) i7-11700F @ 2.50GHz
character-whisper,1,83.2,111.5,198.1,0.83,11th Gen Intel(R) Core(TM) i7-11700F @ 2.50GHz
character-whisper,2,84.2,115.9,183.9,0.84,11th Gen Intel(R) Core(TM) i7-11700F @ 2.50GHz
character-kero,0,339.5,520.2,775.2,3.39,11th Gen Intel(R) Core(TM) i7-11700F @ 2.50GHz
character-kero,1,338.9,520.3,787.9,3.39,11th Gen Intel(R) Core(TM) i7-11700F @ 2.50GHz
character-kero,2,340.8,525.8,915.9,3.41,11th Gen Intel(R) Core(TM) i7-11700F @ 2.50GHz
character-vocoder-robot,0,147.0,202.8,336.7,1.47,11th Gen Intel(R) Core(TM) i7-11700F @ 2.50GHz
character-vocoder-robot,1,144.4,196.5,285.5,1.44,11th Gen Intel(R) Core(TM) i7-11700F @ 2.50GHz
character-vocoder-robot,2,145.7,201.0,297.9,1.46,11th Gen Intel(R) Core(TM) i7-11700F @ 2.50GHz
character-talkbox,0,67.7,95.9,168.3,0.68,11th Gen Intel(R) Core(TM) i7-11700F @ 2.50GHz
character-talkbox,1,65.7,90.5,150.0,0.66,11th Gen Intel(R) Core(TM) i7-11700F @ 2.50GHz
character-talkbox,2,65.7,91.1,165.8,0.66,11th Gen Intel(R) Core(TM) i7-11700F @ 2.50GHz
device-telephone,0,45.1,64.5,105.8,0.45,11th Gen Intel(R) Core(TM) i7-11700F @ 2.50GHz
device-telephone,1,44.9,60.3,110.8,0.45,11th Gen Intel(R) Core(TM) i7-11700F @ 2.50GHz
device-telephone,2,45.8,64.7,111.4,0.46,11th Gen Intel(R) Core(TM) i7-11700F @ 2.50GHz
device-am-radio,0,44.3,59.4,101.5,0.44,11th Gen Intel(R) Core(TM) i7-11700F @ 2.50GHz
device-am-radio,1,46.0,65.8,105.8,0.46,11th Gen Intel(R) Core(TM) i7-11700F @ 2.50GHz
device-am-radio,2,45.0,60.3,137.1,0.45,11th Gen Intel(R) Core(TM) i7-11700F @ 2.50GHz
device-megaphone,0,92.4,126.7,209.9,0.92,11th Gen Intel(R) Core(TM) i7-11700F @ 2.50GHz
device-megaphone,1,94.7,135.1,246.8,0.95,11th Gen Intel(R) Core(TM) i7-11700F @ 2.50GHz
device-megaphone,2,93.7,127.0,194.9,0.94,11th Gen Intel(R) Core(TM) i7-11700F @ 2.50GHz
device-military-radio,0,48.4,63.9,113.8,0.48,11th Gen Intel(R) Core(TM) i7-11700F @ 2.50GHz
device-military-radio,1,49.1,70.8,113.9,0.49,11th Gen Intel(R) Core(TM) i7-11700F @ 2.50GHz
device-military-radio,2,48.9,70.0,131.2,0.49,11th Gen Intel(R) Core(TM) i7-11700F @ 2.50GHz
device-8bit,0,32.2,47.1,74.2,0.32,11th Gen Intel(R) Core(TM) i7-11700F @ 2.50GHz
device-8bit,1,32.6,47.1,79.3,0.33,11th Gen Intel(R) Core(TM) i7-11700F @ 2.50GHz
device-8bit,2,31.4,44.1,76.9,0.31,11th Gen Intel(R) Core(TM) i7-11700F @ 2.50GHz
device-broken-speaker,0,35.8,50.7,93.1,0.36,11th Gen Intel(R) Core(TM) i7-11700F @ 2.50GHz
device-broken-speaker,1,36.7,52.9,95.9,0.37,11th Gen Intel(R) Core(TM) i7-11700F @ 2.50GHz
device-broken-speaker,2,35.7,49.8,94.4,0.36,11th Gen Intel(R) Core(TM) i7-11700F @ 2.50GHz
device-old-tape,0,50.5,73.5,130.5,0.50,11th Gen Intel(R) Core(TM) i7-11700F @ 2.50GHz
device-old-tape,1,50.7,72.9,114.2,0.51,11th Gen Intel(R) Core(TM) i7-11700F @ 2.50GHz
device-old-tape,2,50.8,70.3,114.0,0.51,11th Gen Intel(R) Core(TM) i7-11700F @ 2.50GHz
device-radio-noise,0,63.5,88.3,161.3,0.64,11th Gen Intel(R) Core(TM) i7-11700F @ 2.50GHz
device-radio-noise,1,62.5,84.8,140.7,0.62,11th Gen Intel(R) Core(TM) i7-11700F @ 2.50GHz
device-radio-noise,2,62.7,87.4,155.5,0.63,11th Gen Intel(R) Core(TM) i7-11700F @ 2.50GHz
device-wah-voice,0,28.7,42.5,80.0,0.29,11th Gen Intel(R) Core(TM) i7-11700F @ 2.50GHz
device-wah-voice,1,28.5,41.3,74.6,0.29,11th Gen Intel(R) Core(TM) i7-11700F @ 2.50GHz
device-wah-voice,2,29.3,43.3,122.5,0.29,11th Gen Intel(R) Core(TM) i7-11700F @ 2.50GHz
device-vowel-filter,0,30.6,44.6,89.5,0.31,11th Gen Intel(R) Core(TM) i7-11700F @ 2.50GHz
device-vowel-filter,1,29.6,44.1,93.0,0.30,11th Gen Intel(R) Core(TM) i7-11700F @ 2.50GHz
device-vowel-filter,2,30.0,42.3,94.5,0.30,11th Gen Intel(R) Core(TM) i7-11700F @ 2.50GHz
device-slicer-trance,0,28.0,41.2,85.2,0.28,11th Gen Intel(R) Core(TM) i7-11700F @ 2.50GHz
device-slicer-trance,1,27.8,38.7,74.4,0.28,11th Gen Intel(R) Core(TM) i7-11700F @ 2.50GHz
device-slicer-trance,2,28.4,42.3,68.4,0.28,11th Gen Intel(R) Core(TM) i7-11700F @ 2.50GHz
device-stutter-glitch,0,24.8,36.5,63.0,0.25,11th Gen Intel(R) Core(TM) i7-11700F @ 2.50GHz
device-stutter-glitch,1,25.3,37.1,82.2,0.25,11th Gen Intel(R) Core(TM) i7-11700F @ 2.50GHz
device-stutter-glitch,2,25.5,38.7,63.4,0.26,11th Gen Intel(R) Core(TM) i7-11700F @ 2.50GHz
device-helmet,0,56.9,83.1,145.0,0.57,11th Gen Intel(R) Core(TM) i7-11700F @ 2.50GHz
device-helmet,1,56.7,77.0,135.2,0.57,11th Gen Intel(R) Core(TM) i7-11700F @ 2.50GHz
device-helmet,2,57.1,82.5,130.6,0.57,11th Gen Intel(R) Core(TM) i7-11700F @ 2.50GHz
device-underwater,0,63.5,86.7,134.6,0.63,11th Gen Intel(R) Core(TM) i7-11700F @ 2.50GHz
device-underwater,1,65.0,89.6,139.9,0.65,11th Gen Intel(R) Core(TM) i7-11700F @ 2.50GHz
device-underwater,2,63.7,90.2,159.6,0.64,11th Gen Intel(R) Core(TM) i7-11700F @ 2.50GHz
device-next-room,0,49.4,67.3,155.0,0.49,11th Gen Intel(R) Core(TM) i7-11700F @ 2.50GHz
device-next-room,1,49.2,67.6,147.7,0.49,11th Gen Intel(R) Core(TM) i7-11700F @ 2.50GHz
device-next-room,2,49.2,64.9,150.7,0.49,11th Gen Intel(R) Core(TM) i7-11700F @ 2.50GHz
device-vinyl,0,60.2,84.1,132.6,0.60,11th Gen Intel(R) Core(TM) i7-11700F @ 2.50GHz
device-vinyl,1,60.0,84.1,128.1,0.60,11th Gen Intel(R) Core(TM) i7-11700F @ 2.50GHz
device-vinyl,2,61.5,86.0,136.5,0.61,11th Gen Intel(R) Core(TM) i7-11700F @ 2.50GHz
device-gasmask,0,63.4,86.0,140.5,0.63,11th Gen Intel(R) Core(TM) i7-11700F @ 2.50GHz
device-gasmask,1,63.6,87.8,152.9,0.64,11th Gen Intel(R) Core(TM) i7-11700F @ 2.50GHz
device-gasmask,2,63.1,84.7,139.0,0.63,11th Gen Intel(R) Core(TM) i7-11700F @ 2.50GHz
device-stadium,0,48.8,67.6,115.7,0.49,11th Gen Intel(R) Core(TM) i7-11700F @ 2.50GHz
device-stadium,1,49.0,65.5,104.4,0.49,11th Gen Intel(R) Core(TM) i7-11700F @ 2.50GHz
device-stadium,2,50.0,71.9,135.1,0.50,11th Gen Intel(R) Core(TM) i7-11700F @ 2.50GHz
device-octave-fuzz,0,48.8,67.6,107.1,0.49,11th Gen Intel(R) Core(TM) i7-11700F @ 2.50GHz
device-octave-fuzz,1,48.1,64.8,103.3,0.48,11th Gen Intel(R) Core(TM) i7-11700F @ 2.50GHz
device-octave-fuzz,2,47.6,69.2,125.2,0.48,11th Gen Intel(R) Core(TM) i7-11700F @ 2.50GHz
device-hardclip,0,32.6,47.3,102.1,0.33,11th Gen Intel(R) Core(TM) i7-11700F @ 2.50GHz
device-hardclip,1,33.1,46.9,91.1,0.33,11th Gen Intel(R) Core(TM) i7-11700F @ 2.50GHz
device-hardclip,2,32.1,44.5,76.4,0.32,11th Gen Intel(R) Core(TM) i7-11700F @ 2.50GHz
device-wavefolder,0,36.9,52.2,112.8,0.37,11th Gen Intel(R) Core(TM) i7-11700F @ 2.50GHz
device-wavefolder,1,38.3,54.3,101.6,0.38,11th Gen Intel(R) Core(TM) i7-11700F @ 2.50GHz
device-wavefolder,2,36.1,49.5,99.4,0.36,11th Gen Intel(R) Core(TM) i7-11700F @ 2.50GHz
device-transistor,0,50.1,69.4,124.8,0.50,11th Gen Intel(R) Core(TM) i7-11700F @ 2.50GHz
device-transistor,1,50.2,70.6,121.6,0.50,11th Gen Intel(R) Core(TM) i7-11700F @ 2.50GHz
device-transistor,2,50.1,65.0,182.5,0.50,11th Gen Intel(R) Core(TM) i7-11700F @ 2.50GHz
device-worn-tape,0,54.5,76.2,138.6,0.55,11th Gen Intel(R) Core(TM) i7-11700F @ 2.50GHz
device-worn-tape,1,56.7,78.6,167.5,0.57,11th Gen Intel(R) Core(TM) i7-11700F @ 2.50GHz
device-worn-tape,2,56.5,78.7,124.1,0.57,11th Gen Intel(R) Core(TM) i7-11700F @ 2.50GHz
space-cave,0,81.1,114.5,185.5,0.81,11th Gen Intel(R) Core(TM) i7-11700F @ 2.50GHz
space-cave,1,80.2,107.8,204.2,0.80,11th Gen Intel(R) Core(TM) i7-11700F @ 2.50GHz
space-cave,2,80.9,109.5,198.7,0.81,11th Gen Intel(R) Core(TM) i7-11700F @ 2.50GHz
space-bath,0,70.2,98.2,191.1,0.70,11th Gen Intel(R) Core(TM) i7-11700F @ 2.50GHz
space-bath,1,69.1,98.5,164.1,0.69,11th Gen Intel(R) Core(TM) i7-11700F @ 2.50GHz
space-bath,2,69.1,96.8,146.6,0.69,11th Gen Intel(R) Core(TM) i7-11700F @ 2.50GHz
space-cathedral,0,423.8,556.0,824.2,4.24,11th Gen Intel(R) Core(TM) i7-11700F @ 2.50GHz
space-cathedral,1,309.4,485.8,833.5,3.09,11th Gen Intel(R) Core(TM) i7-11700F @ 2.50GHz
space-cathedral,2,410.0,533.3,756.4,4.10,11th Gen Intel(R) Core(TM) i7-11700F @ 2.50GHz
space-yamabiko,0,39.9,57.1,111.7,0.40,11th Gen Intel(R) Core(TM) i7-11700F @ 2.50GHz
space-yamabiko,1,40.4,56.4,117.8,0.40,11th Gen Intel(R) Core(TM) i7-11700F @ 2.50GHz
space-yamabiko,2,39.9,55.2,117.6,0.40,11th Gen Intel(R) Core(TM) i7-11700F @ 2.50GHz
space-underwater,0,84.0,115.4,205.7,0.84,11th Gen Intel(R) Core(TM) i7-11700F @ 2.50GHz
space-underwater,1,84.0,115.5,204.1,0.84,11th Gen Intel(R) Core(TM) i7-11700F @ 2.50GHz
space-underwater,2,83.9,114.8,181.8,0.84,11th Gen Intel(R) Core(TM) i7-11700F @ 2.50GHz
space-behind-wall,0,70.2,98.9,167.9,0.70,11th Gen Intel(R) Core(TM) i7-11700F @ 2.50GHz
space-behind-wall,1,68.2,94.0,154.5,0.68,11th Gen Intel(R) Core(TM) i7-11700F @ 2.50GHz
space-behind-wall,2,70.0,97.9,198.3,0.70,11th Gen Intel(R) Core(TM) i7-11700F @ 2.50GHz
space-tape-echo,0,47.4,66.5,107.4,0.47,11th Gen Intel(R) Core(TM) i7-11700F @ 2.50GHz
space-tape-echo,1,47.3,63.1,130.8,0.47,11th Gen Intel(R) Core(TM) i7-11700F @ 2.50GHz
space-tape-echo,2,46.8,64.3,109.9,0.47,11th Gen Intel(R) Core(TM) i7-11700F @ 2.50GHz
space-reverse-echo,0,62.6,82.9,152.6,0.63,11th Gen Intel(R) Core(TM) i7-11700F @ 2.50GHz
space-reverse-echo,1,63.7,86.8,158.6,0.64,11th Gen Intel(R) Core(TM) i7-11700F @ 2.50GHz
space-reverse-echo,2,62.5,82.1,162.8,0.62,11th Gen Intel(R) Core(TM) i7-11700F @ 2.50GHz
space-stone-sanctuary,0,69.6,95.9,159.5,0.70,11th Gen Intel(R) Core(TM) i7-11700F @ 2.50GHz
space-stone-sanctuary,1,69.2,95.9,153.8,0.69,11th Gen Intel(R) Core(TM) i7-11700F @ 2.50GHz
space-stone-sanctuary,2,68.9,95.7,176.2,0.69,11th Gen Intel(R) Core(TM) i7-11700F @ 2.50GHz
space-gated-80s,0,67.8,96.2,199.3,0.68,11th Gen Intel(R) Core(TM) i7-11700F @ 2.50GHz
space-gated-80s,1,66.9,94.1,145.6,0.67,11th Gen Intel(R) Core(TM) i7-11700F @ 2.50GHz
space-gated-80s,2,67.4,92.7,192.5,0.67,11th Gen Intel(R) Core(TM) i7-11700F @ 2.50GHz
space-reverse-swell,0,66.3,91.3,157.8,0.66,11th Gen Intel(R) Core(TM) i7-11700F @ 2.50GHz
space-reverse-swell,1,65.7,86.6,164.1,0.66,11th Gen Intel(R) Core(TM) i7-11700F @ 2.50GHz
space-reverse-swell,2,68.3,98.1,207.6,0.68,11th Gen Intel(R) Core(TM) i7-11700F @ 2.50GHz
space-shimmer-heaven,0,67.5,93.9,178.5,0.67,11th Gen Intel(R) Core(TM) i7-11700F @ 2.50GHz
space-shimmer-heaven,1,67.6,93.3,152.4,0.68,11th Gen Intel(R) Core(TM) i7-11700F @ 2.50GHz
space-shimmer-heaven,2,66.7,93.1,151.5,0.67,11th Gen Intel(R) Core(TM) i7-11700F @ 2.50GHz
space-limestone-cave,0,69.4,97.0,174.7,0.69,11th Gen Intel(R) Core(TM) i7-11700F @ 2.50GHz
space-limestone-cave,1,71.0,104.3,187.5,0.71,11th Gen Intel(R) Core(TM) i7-11700F @ 2.50GHz
space-limestone-cave,2,69.0,96.4,180.9,0.69,11th Gen Intel(R) Core(TM) i7-11700F @ 2.50GHz
space-tiled-bathroom,0,71.7,101.6,202.6,0.72,11th Gen Intel(R) Core(TM) i7-11700F @ 2.50GHz
space-tiled-bathroom,1,70.8,96.9,166.6,0.71,11th Gen Intel(R) Core(TM) i7-11700F @ 2.50GHz
space-tiled-bathroom,2,72.4,99.0,180.8,0.72,11th Gen Intel(R) Core(TM) i7-11700F @ 2.50GHz
space-slapback-50s,0,36.4,51.0,83.1,0.36,11th Gen Intel(R) Core(TM) i7-11700F @ 2.50GHz
space-slapback-50s,1,35.4,50.0,96.2,0.35,11th Gen Intel(R) Core(TM) i7-11700F @ 2.50GHz
space-slapback-50s,2,35.6,50.9,120.3,0.36,11th Gen Intel(R) Core(TM) i7-11700F @ 2.50GHz
space-analog-echo,0,52.1,75.6,128.1,0.52,11th Gen Intel(R) Core(TM) i7-11700F @ 2.50GHz
space-analog-echo,1,50.0,66.4,132.3,0.50,11th Gen Intel(R) Core(TM) i7-11700F @ 2.50GHz
space-analog-echo,2,49.9,69.0,131.9,0.50,11th Gen Intel(R) Core(TM) i7-11700F @ 2.50GHz
space-multitap-echo,0,38.9,53.5,103.5,0.39,11th Gen Intel(R) Core(TM) i7-11700F @ 2.50GHz
space-multitap-echo,1,38.1,52.3,99.9,0.38,11th Gen Intel(R) Core(TM) i7-11700F @ 2.50GHz
space-multitap-echo,2,38.9,53.6,104.4,0.39,11th Gen Intel(R) Core(TM) i7-11700F @ 2.50GHz
layered-harmony-fifth,0,380.7,511.6,764.1,3.81,11th Gen Intel(R) Core(TM) i7-11700F @ 2.50GHz
layered-harmony-fifth,1,263.3,421.6,644.9,2.63,11th Gen Intel(R) Core(TM) i7-11700F @ 2.50GHz
layered-harmony-fifth,2,368.2,497.3,725.3,3.68,11th Gen Intel(R) Core(TM) i7-11700F @ 2.50GHz
layered-harmony-octave,0,379.0,505.3,678.4,3.79,11th Gen Intel(R) Core(TM) i7-11700F @ 2.50GHz
layered-harmony-octave,1,264.7,426.0,757.8,2.65,11th Gen Intel(R) Core(TM) i7-11700F @ 2.50GHz
layered-harmony-octave,2,365.3,497.1,721.6,3.65,11th Gen Intel(R) Core(TM) i7-11700F @ 2.50GHz
layered-choir-3,0,773.0,966.8,1492.1,7.73,11th Gen Intel(R) Core(TM) i7-11700F @ 2.50GHz
layered-choir-3,1,549.4,869.9,1417.8,5.49,11th Gen Intel(R) Core(TM) i7-11700F @ 2.50GHz
layered-choir-3,2,750.6,941.1,1328.9,7.51,11th Gen Intel(R) Core(TM) i7-11700F @ 2.50GHz
layered-drunk,0,415.7,557.8,723.3,4.16,11th Gen Intel(R) Core(TM) i7-11700F @ 2.50GHz
layered-drunk,1,299.1,463.3,736.3,2.99,11th Gen Intel(R) Core(TM) i7-11700F @ 2.50GHz
layered-drunk,2,403.4,536.1,769.1,4.03,11th Gen Intel(R) Core(TM) i7-11700F @ 2.50GHz
layered-trembling,0,401.5,533.5,972.9,4.02,11th Gen Intel(R) Core(TM) i7-11700F @ 2.50GHz
layered-trembling,1,284.9,447.7,628.7,2.85,11th Gen Intel(R) Core(TM) i7-11700F @ 2.50GHz
layered-trembling,2,389.4,528.4,754.2,3.89,11th Gen Intel(R) Core(TM) i7-11700F @ 2.50GHz
layered-phaser-voice,0,66.2,91.4,144.0,0.66,11th Gen Intel(R) Core(TM) i7-11700F @ 2.50GHz
layered-phaser-voice,1,66.3,89.9,151.1,0.66,11th Gen Intel(R) Core(TM) i7-11700F @ 2.50GHz
layered-phaser-voice,2,69.6,100.7,174.1,0.70,11th Gen Intel(R) Core(TM) i7-11700F @ 2.50GHz
layered-rotary-voice,0,82.0,111.3,212.3,0.82,11th Gen Intel(R) Core(TM) i7-11700F @ 2.50GHz
layered-rotary-voice,1,81.3,108.9,166.0,0.81,11th Gen Intel(R) Core(TM) i7-11700F @ 2.50GHz
layered-rotary-voice,2,80.3,108.9,168.6,0.80,11th Gen Intel(R) Core(TM) i7-11700F @ 2.50GHz
layered-harmony-scale,0,23.2,32.6,71.2,0.23,11th Gen Intel(R) Core(TM) i7-11700F @ 2.50GHz
layered-harmony-scale,1,23.7,37.9,89.9,0.24,11th Gen Intel(R) Core(TM) i7-11700F @ 2.50GHz
layered-harmony-scale,2,22.9,31.6,73.0,0.23,11th Gen Intel(R) Core(TM) i7-11700F @ 2.50GHz
